[{"id": 80, "name": "Afghanistan", "iso_alpha2": "AF", "iso_alpha3": "AFG", "iso_numeric": "004", "states": [{"id": 1565, "name": "Badakhshan"}, {"id": 1566, "name": "Badghis"}, {"id": 1567, "name": "Baghlan"}, {"id": 1568, "name": "Balkh"}, {"id": 1569, "name": "Bamyan"}, {"id": 1570, "name": "Daykundi"}, {"id": 1571, "name": "Farah"}, {"id": 1572, "name": "Faryab"}, {"id": 1573, "name": "Ghazni"}, {"id": 1574, "name": "Ghor"}, {"id": 1575, "name": "Helmand"}, {"id": 1576, "name": "Herat"}, {"id": 1577, "name": "Jowzjan"}, {"id": 1578, "name": "Kabul"}, {"id": 1579, "name": "Kandahar"}, {"id": 1580, "name": "Kapisa"}, {"id": 1581, "name": "Khost"}, {"id": 1582, "name": "Kunar"}, {"id": 1583, "name": "Kunduz"}, {"id": 1584, "name": "Laghman"}, {"id": 1585, "name": "Logar"}, {"id": 1586, "name": "Nangarhar"}, {"id": 1587, "name": "Nimruz"}, {"id": 1588, "name": "Nuristan"}, {"id": 1589, "name": "Paktia"}, {"id": 1590, "name": "Paktika"}, {"id": 1591, "name": "Panjshir"}, {"id": 1592, "name": "Parwan"}, {"id": 1593, "name": "Samangan"}, {"id": 1594, "name": "Sar-e Pol"}, {"id": 1595, "name": "Takhar"}, {"id": 1596, "name": "Urozgan"}, {"id": 1597, "name": "Wardak"}, {"id": 1598, "name": "Zabul"}]}, {"id": 102, "name": "Algeria", "iso_alpha2": "DZ", "iso_alpha3": "DZA", "iso_numeric": "012", "states": [{"id": 2003, "name": "Adrar"}, {"id": 2004, "name": "Chlef"}, {"id": 2005, "name": "Laghouat"}, {"id": 2006, "name": "Oum El Bouaghi"}, {"id": 2007, "name": "Batna"}, {"id": 2008, "name": "Béjaïa"}, {"id": 2009, "name": "Biskra"}, {"id": 2010, "name": "Béchar"}, {"id": 2011, "name": "Blida"}, {"id": 2012, "name": "Bouira"}, {"id": 2013, "name": "Tamanrasset"}, {"id": 2014, "name": "Tébessa"}, {"id": 2015, "name": "Tlemcen"}, {"id": 2016, "name": "Tiaret"}, {"id": 2017, "name": "Tizi Ouzou"}, {"id": 2018, "name": "Algiers"}, {"id": 2019, "name": "Djelfa"}, {"id": 2020, "name": "Jijel"}, {"id": 2021, "name": "Sétif"}, {"id": 2022, "name": "Saïda"}, {"id": 2023, "name": "Skikda"}, {"id": 2024, "name": "Sidi Bel Abbès"}, {"id": 2025, "name": "Annaba"}, {"id": 2026, "name": "Guelma"}, {"id": 2027, "name": "Constantine"}, {"id": 2028, "name": "Médéa"}, {"id": 2029, "name": "Mostaganem"}, {"id": 2030, "name": "M'Sila"}, {"id": 2031, "name": "Mascara"}, {"id": 2032, "name": "Ouargla"}, {"id": 2033, "name": "Oran"}, {"id": 2034, "name": "El Bayadh"}, {"id": 2035, "name": "Illizi"}, {"id": 2036, "name": "Bordj Bou Arréridj"}, {"id": 2037, "name": "Boumerdès"}, {"id": 2038, "name": "El Tarf"}, {"id": 2039, "name": "Tindouf"}, {"id": 2040, "name": "Tissemsilt"}, {"id": 2041, "name": "El Oued"}, {"id": 2042, "name": "Khenchela"}, {"id": 2043, "name": "Souk Ahras"}, {"id": 2044, "name": "Tipaza"}, {"id": 2045, "name": "Mila"}, {"id": 2046, "name": "Aïn Defla"}, {"id": 2047, "name": "Naama"}, {"id": 2048, "name": "Aïn Témouchent"}, {"id": 2049, "name": "Ghardaïa"}, {"id": 2050, "name": "Relizane"}, {"id": 2051, "name": "Timimoun"}, {"id": 2052, "name": "Bordj Badji Mokhtar"}, {"id": 2053, "name": "Ouled Djellal"}, {"id": 2054, "name": "Béni Abbès"}, {"id": 2055, "name": "In Salah"}, {"id": 2056, "name": "In Guezzam"}, {"id": 2057, "name": "Touggourt"}, {"id": 2058, "name": "Djanet"}, {"id": 2059, "name": "El M'Ghair"}, {"id": 2060, "name": "El Menia"}]}, {"id": 112, "name": "Angola", "iso_alpha2": "AO", "iso_alpha3": "AGO", "iso_numeric": "024", "states": [{"id": 2214, "name": "Bengo"}, {"id": 2215, "name": "Benguela"}, {"id": 2216, "name": "Bié"}, {"id": 2217, "name": "Cabinda"}, {"id": 2218, "name": "Cuando Cubango"}, {"id": 2219, "name": "Cuanza Norte"}, {"id": 2220, "name": "Cuanza Sul"}, {"id": 2221, "name": "Cunene"}, {"id": 2222, "name": "Huambo"}, {"id": 2223, "name": "Huíla"}, {"id": 2224, "name": "Luanda"}, {"id": 2225, "name": "Lunda Norte"}, {"id": 2226, "name": "Lunda Sul"}, {"id": 2227, "name": "Malanje"}, {"id": 2228, "name": "Moxico"}, {"id": 2229, "name": "Namibe"}, {"id": 2230, "name": "Uíge"}, {"id": 2231, "name": "Zaire"}]}, {"id": 22, "name": "Antigua and Barbuda", "iso_alpha2": "AG", "iso_alpha3": "ATG", "iso_numeric": "028", "states": [{"id": 378, "name": "Saint George"}, {"id": 379, "name": "Saint John"}, {"id": 380, "name": "Saint Mary"}, {"id": 381, "name": "Saint Paul"}, {"id": 382, "name": "Saint Peter"}, {"id": 383, "name": "Saint Philip"}, {"id": 384, "name": "Barbuda"}, {"id": 385, "name": "Redonda"}]}, {"id": 26, "name": "Argentina", "iso_alpha2": "AR", "iso_alpha3": "ARG", "iso_numeric": "032", "states": [{"id": 437, "name": "Buenos Aires"}, {"id": 438, "name": "Catamarca"}, {"id": 439, "name": "Chaco"}, {"id": 440, "name": "Chubut"}, {"id": 441, "name": "Ciudad Autónoma de Buenos Aires"}, {"id": 442, "name": "Córdoba"}, {"id": 443, "name": "Corrientes"}, {"id": 444, "name": "Entre Ríos"}, {"id": 445, "name": "Formosa"}, {"id": 446, "name": "Jujuy"}, {"id": 447, "name": "La Pampa"}, {"id": 448, "name": "La Rioja"}, {"id": 449, "name": "Mendoza"}, {"id": 450, "name": "Misiones"}, {"id": 451, "name": "Neuquén"}, {"id": 452, "name": "Río Negro"}, {"id": 453, "name": "Salta"}, {"id": 454, "name": "San Juan"}, {"id": 455, "name": "San Luis"}, {"id": 456, "name": "Santa Cruz"}, {"id": 457, "name": "Santa Fe"}, {"id": 458, "name": "Santiago del Estero"}, {"id": 459, "name": "Tierra del Fuego"}, {"id": 460, "name": "Tucumán"}]}, {"id": 115, "name": "Australia", "iso_alpha2": "AU", "iso_alpha3": "AUS", "iso_numeric": "036", "states": [{"id": 2249, "name": "Australian Capital Territory"}, {"id": 2250, "name": "New South Wales"}, {"id": 2251, "name": "Northern Territory"}, {"id": 2252, "name": "Queensland"}, {"id": 2253, "name": "South Australia"}, {"id": 2254, "name": "Tasmania"}, {"id": 2255, "name": "Victoria"}, {"id": 2256, "name": "Western Australia"}]}, {"id": 45, "name": "Austria", "iso_alpha2": "AT", "iso_alpha3": "AUT", "iso_numeric": "040", "states": [{"id": 771, "name": "Burgenland"}, {"id": 772, "name": "Kärnten"}, {"id": 773, "name": "Niederösterreich"}, {"id": 774, "name": "Oberösterreich"}, {"id": 775, "name": "Salzburg"}, {"id": 776, "name": "Steiermark"}, {"id": 777, "name": "Tirol"}, {"id": 778, "name": "Vorarlberg"}, {"id": 779, "name": "Wien"}]}, {"id": 17, "name": "Bahamas", "iso_alpha2": "BS", "iso_alpha3": "BHS", "iso_numeric": "044", "states": [{"id": 312, "name": "Acklins"}, {"id": 313, "name": "Berry Islands"}, {"id": 314, "name": "Bimini"}, {"id": 315, "name": "Black Point"}, {"id": 316, "name": "Cat Island"}, {"id": 317, "name": "Central Abaco"}, {"id": 318, "name": "Central Andros"}, {"id": 319, "name": "Central Eleuthera"}, {"id": 320, "name": "Crooked Island and Long Cay"}, {"id": 321, "name": "East Grand Bahama"}, {"id": 322, "name": "Exuma"}, {"id": 323, "name": "Freeport"}, {"id": 324, "name": "Fresh Creek"}, {"id": 325, "name": "Governors Harbour"}, {"id": 326, "name": "Green Turtle Cay"}, {"id": 327, "name": "Harbour Island"}, {"id": 328, "name": "High Rock"}, {"id": 329, "name": "Inagua"}, {"id": 330, "name": "Long Island"}, {"id": 331, "name": "Mayaguana"}, {"id": 332, "name": "New Providence"}, {"id": 333, "name": "North Abaco"}, {"id": 334, "name": "North Andros"}, {"id": 335, "name": "North Eleuthera"}, {"id": 336, "name": "Ragged Island"}, {"id": 337, "name": "Rum Cay"}, {"id": 338, "name": "San Salvador"}, {"id": 339, "name": "South Abaco"}, {"id": 340, "name": "South Andros"}, {"id": 341, "name": "South Eleuthera"}, {"id": 342, "name": "West Grand Bahama"}]}, {"id": 92, "name": "Bahrain", "iso_alpha2": "BH", "iso_alpha3": "BHR", "iso_numeric": "048", "states": [{"id": 1804, "name": "Capital"}, {"id": 1805, "name": "Muharraq"}, {"id": 1806, "name": "Northern"}, {"id": 1807, "name": "Southern"}, {"id": 1808, "name": "Central"}]}, {"id": 74, "name": "Bangladesh", "iso_alpha2": "BD", "iso_alpha3": "BGD", "iso_numeric": "050", "states": [{"id": 1483, "name": "Barishal"}, {"id": 1484, "name": "Chattogram"}, {"id": 1485, "name": "Dhaka"}, {"id": 1486, "name": "Khulna"}, {"id": 1487, "name": "Mymensingh"}, {"id": 1488, "name": "Rajshahi"}, {"id": 1489, "name": "Rangpur"}, {"id": 1490, "name": "Sylhet"}]}, {"id": 18, "name": "Barbados", "iso_alpha2": "BB", "iso_alpha3": "BRB", "iso_numeric": "052", "states": [{"id": 343, "name": "Christ Church"}, {"id": 344, "name": "Saint Andrew"}, {"id": 345, "name": "Saint George"}, {"id": 346, "name": "Saint James"}, {"id": 347, "name": "Saint John"}, {"id": 348, "name": "Saint Joseph"}, {"id": 349, "name": "Saint Lucy"}, {"id": 350, "name": "Saint Michael"}, {"id": 351, "name": "Saint Peter"}, {"id": 352, "name": "Saint Philip"}, {"id": 353, "name": "Saint Thomas"}]}, {"id": 43, "name": "Belgium", "iso_alpha2": "BE", "iso_alpha3": "BEL", "iso_numeric": "056", "states": [{"id": 739, "name": "Brussels-Capital Region"}, {"id": 740, "name": "Flemish Region"}, {"id": 741, "name": "Walloon Region"}, {"id": 742, "name": "Flemish Community"}, {"id": 743, "name": "French Community"}, {"id": 744, "name": "German-speaking Community"}]}, {"id": 5, "name": "Belize", "iso_alpha2": "BZ", "iso_alpha3": "BLZ", "iso_numeric": "084", "states": [{"id": 119, "name": "Belize"}, {"id": 120, "name": "Cayo"}, {"id": 121, "name": "Corozal"}, {"id": 122, "name": "Orange Walk"}, {"id": 123, "name": "Stann Creek"}, {"id": 124, "name": "Toledo"}]}, {"id": 32, "name": "Bolivia", "iso_alpha2": "BO", "iso_alpha3": "BOL", "iso_numeric": "068", "states": [{"id": 584, "name": "Beni"}, {"id": 585, "name": "Chuquisaca"}, {"id": 586, "name": "Cochabamba"}, {"id": 587, "name": "La Paz"}, {"id": 588, "name": "Oruro"}, {"id": 589, "name": "Pando"}, {"id": 590, "name": "Potosí"}, {"id": 591, "name": "Santa Cruz"}, {"id": 592, "name": "Tarija"}]}, {"id": 110, "name": "Botswana", "iso_alpha2": "BW", "iso_alpha3": "BWA", "iso_numeric": "072", "states": [{"id": 2190, "name": "Central"}, {"id": 2191, "name": "Ghanzi"}, {"id": 2192, "name": "Kgalagadi"}, {"id": 2193, "name": "Kgatleng"}, {"id": 2194, "name": "Kweneng"}, {"id": 2195, "name": "North East"}, {"id": 2196, "name": "North West"}, {"id": 2197, "name": "South East"}, {"id": 2198, "name": "Southern"}, {"id": 2199, "name": "Chobe"}]}, {"id": 25, "name": "Brazil", "iso_alpha2": "BR", "iso_alpha3": "BRA", "iso_numeric": "076", "states": [{"id": 410, "name": "Acre"}, {"id": 411, "name": "Alagoas"}, {"id": 412, "name": "Amapá"}, {"id": 413, "name": "Amazonas"}, {"id": 414, "name": "Bahia"}, {"id": 415, "name": "Ceará"}, {"id": 416, "name": "Distrito Federal"}, {"id": 417, "name": "Espírito Santo"}, {"id": 418, "name": "Goiás"}, {"id": 419, "name": "Maranhão"}, {"id": 420, "name": "Mato Grosso"}, {"id": 421, "name": "Mato Grosso do Sul"}, {"id": 422, "name": "Minas Gerais"}, {"id": 423, "name": "Pará"}, {"id": 424, "name": "Paraíba"}, {"id": 425, "name": "Paraná"}, {"id": 426, "name": "Pernambuco"}, {"id": 427, "name": "Piauí"}, {"id": 428, "name": "Rio de Janeiro"}, {"id": 429, "name": "Rio Grande do Norte"}, {"id": 430, "name": "Rio Grande do Sul"}, {"id": 431, "name": "Rondônia"}, {"id": 432, "name": "Roraima"}, {"id": 433, "name": "Santa Catarina"}, {"id": 434, "name": "São Paulo"}, {"id": 435, "name": "Sergipe"}, {"id": 436, "name": "Tocantins"}]}, {"id": 56, "name": "Bulgaria", "iso_alpha2": "BG", "iso_alpha3": "BGR", "iso_numeric": "100", "states": [{"id": 961, "name": "Blagoevgrad"}, {"id": 962, "name": "Burgas"}, {"id": 963, "name": "Dobrich"}, {"id": 964, "name": "Gabrovo"}, {"id": 965, "name": "Haskovo"}, {"id": 966, "name": "Kardzhali"}, {"id": 967, "name": "Kyustendil"}, {"id": 968, "name": "Lovech"}, {"id": 969, "name": "Montana"}, {"id": 970, "name": "Pazardzhik"}, {"id": 971, "name": "Pernik"}, {"id": 972, "name": "Pleven"}, {"id": 973, "name": "Plovdiv"}, {"id": 974, "name": "Razgrad"}, {"id": 975, "name": "Ruse"}, {"id": 976, "name": "Shumen"}, {"id": 977, "name": "Silistra"}, {"id": 978, "name": "Sliven"}, {"id": 979, "name": "Smolyan"}, {"id": 980, "name": "Sofia"}, {"id": 981, "name": "Sofia City"}, {"id": 982, "name": "Stara Zagora"}, {"id": 983, "name": "Targovishte"}, {"id": 984, "name": "Varna"}, {"id": 985, "name": "Veliko Tarnovo"}, {"id": 986, "name": "Vidin"}, {"id": 987, "name": "Vratsa"}, {"id": 988, "name": "Yambol"}]}, {"id": 77, "name": "Cambodia", "iso_alpha2": "KH", "iso_alpha3": "KHM", "iso_numeric": "116", "states": [{"id": 1515, "name": "Banteay Meanchey"}, {"id": 1516, "name": "Battambang"}, {"id": 1517, "name": "Kampong Cham"}, {"id": 1518, "name": "Kampong Chhnang"}, {"id": 1519, "name": "Kampong Speu"}, {"id": 1520, "name": "Kampong Thom"}, {"id": 1521, "name": "Kampot"}, {"id": 1522, "name": "Kandal"}, {"id": 1523, "name": "Kep"}, {"id": 1524, "name": "Koh Kong"}, {"id": 1525, "name": "Kratie"}, {"id": 1526, "name": "Mondulkiri"}, {"id": 1527, "name": "Oddar Meanchey"}, {"id": 1528, "name": "Pailin"}, {"id": 1529, "name": "Phnom Penh"}, {"id": 1530, "name": "Preah Sihanouk"}, {"id": 1531, "name": "Preah Vihear"}, {"id": 1532, "name": "Prey Veng"}, {"id": 1533, "name": "Pursat"}, {"id": 1534, "name": "Ratanakiri"}, {"id": 1535, "name": "Siem Reap"}, {"id": 1536, "name": "Stung Treng"}, {"id": 1537, "name": "Svay Rieng"}, {"id": 1538, "name": "Takeo"}, {"id": 1539, "name": "Tbong Khmum"}]}, {"id": 2, "name": "Canada", "iso_alpha2": "CA", "iso_alpha3": "CAN", "iso_numeric": "124", "states": [{"id": 52, "name": "Alberta"}, {"id": 53, "name": "British Columbia"}, {"id": 54, "name": "Manitoba"}, {"id": 55, "name": "New Brunswick"}, {"id": 56, "name": "Newfoundland and Labrador"}, {"id": 57, "name": "Northwest Territories"}, {"id": 58, "name": "Nova Scotia"}, {"id": 59, "name": "Nunavut"}, {"id": 60, "name": "Ontario"}, {"id": 61, "name": "Prince Edward Island"}, {"id": 62, "name": "Quebec"}, {"id": 63, "name": "Saskatchewan"}, {"id": 64, "name": "Yukon"}]}, {"id": 27, "name": "Chile", "iso_alpha2": "CL", "iso_alpha3": "CHL", "iso_numeric": "152", "states": [{"id": 461, "name": "Arica y Parinacota"}, {"id": 462, "name": "Tarapacá"}, {"id": 463, "name": "Antofagasta"}, {"id": 464, "name": "Atacama"}, {"id": 465, "name": "Coquimbo"}, {"id": 466, "name": "Valparaíso"}, {"id": 467, "name": "Metropolitana de Santiago"}, {"id": 468, "name": "Libertador General Bernardo O'Higgins"}, {"id": 469, "name": "Maule"}, {"id": 470, "name": "Ñuble"}, {"id": 471, "name": "Biobío"}, {"id": 472, "name": "La Araucanía"}, {"id": 473, "name": "Los Ríos"}, {"id": 474, "name": "Los Lagos"}, {"id": 475, "name": "Aysén del General Carlos Ibáñez del Campo"}, {"id": 476, "name": "Magallanes y de la Antártica Chilena"}]}, {"id": 61, "name": "China", "iso_alpha2": "CN", "iso_alpha3": "CHN", "iso_numeric": "156", "states": [{"id": 1087, "name": "Anhui"}, {"id": 1088, "name": "Beijing"}, {"id": 1089, "name": "Chongqing"}, {"id": 1090, "name": "Fujian"}, {"id": 1091, "name": "Gansu"}, {"id": 1092, "name": "Guangdong"}, {"id": 1093, "name": "Guangxi"}, {"id": 1094, "name": "Guizhou"}, {"id": 1095, "name": "Hainan"}, {"id": 1096, "name": "Hebei"}, {"id": 1097, "name": "Heilongjiang"}, {"id": 1098, "name": "Henan"}, {"id": 1099, "name": "Hong Kong"}, {"id": 1100, "name": "Hubei"}, {"id": 1101, "name": "Hunan"}, {"id": 1102, "name": "Inner Mongolia"}, {"id": 1103, "name": "Jiangsu"}, {"id": 1104, "name": "Jiangxi"}, {"id": 1105, "name": "Jilin"}, {"id": 1106, "name": "Liaoning"}, {"id": 1107, "name": "Macau"}, {"id": 1108, "name": "Ningxia"}, {"id": 1109, "name": "Qinghai"}, {"id": 1110, "name": "Shaanxi"}, {"id": 1111, "name": "Shandong"}, {"id": 1112, "name": "Shanghai"}, {"id": 1113, "name": "Shanxi"}, {"id": 1114, "name": "Sichuan"}, {"id": 1115, "name": "Taiwan"}, {"id": 1116, "name": "Tianjin"}, {"id": 1117, "name": "Tibet"}, {"id": 1118, "name": "Xinjiang"}, {"id": 1119, "name": "Yunnan"}, {"id": 1120, "name": "Zhejiang"}]}, {"id": 28, "name": "Colombia", "iso_alpha2": "CO", "iso_alpha3": "COL", "iso_numeric": "170", "states": [{"id": 477, "name": "Amazonas"}, {"id": 478, "name": "Antioquia"}, {"id": 479, "name": "Arauca"}, {"id": 480, "name": "Atlántico"}, {"id": 481, "name": "Bogotá D.C."}, {"id": 482, "name": "Bolívar"}, {"id": 483, "name": "Boyacá"}, {"id": 484, "name": "Caldas"}, {"id": 485, "name": "Caquetá"}, {"id": 486, "name": "Casanare"}, {"id": 487, "name": "Cauca"}, {"id": 488, "name": "Cesar"}, {"id": 489, "name": "Chocó"}, {"id": 490, "name": "Córdoba"}, {"id": 491, "name": "Cundinamarca"}, {"id": 492, "name": "Guainía"}, {"id": 493, "name": "Guaviare"}, {"id": 494, "name": "Huila"}, {"id": 495, "name": "La Guajira"}, {"id": 496, "name": "Magdalena"}, {"id": 497, "name": "Meta"}, {"id": 498, "name": "Nariño"}, {"id": 499, "name": "Norte de Santander"}, {"id": 500, "name": "Putumayo"}, {"id": 501, "name": "Quindío"}, {"id": 502, "name": "Risaralda"}, {"id": 503, "name": "San Andrés y Providencia"}, {"id": 504, "name": "Santander"}, {"id": 505, "name": "Sucre"}, {"id": 506, "name": "Tolima"}, {"id": 507, "name": "Valle del Cauca"}, {"id": 508, "name": "Vaupés"}, {"id": 509, "name": "Vichada"}]}, {"id": 9, "name": "Costa Rica", "iso_alpha2": "CR", "iso_alpha3": "CRI", "iso_numeric": "188", "states": [{"id": 174, "name": "Alajuela"}, {"id": 175, "name": "Cartago"}, {"id": 176, "name": "Guanacaste"}, {"id": 177, "name": "Heredia"}, {"id": 178, "name": "Limón"}, {"id": 179, "name": "Puntarenas"}, {"id": 180, "name": "San José"}]}, {"id": 57, "name": "Croatia", "iso_alpha2": "HR", "iso_alpha3": "HRV", "iso_numeric": "191", "states": [{"id": 989, "name": "Bjelovar-Bilogora"}, {"id": 990, "name": "Brodsko-posavska"}, {"id": 991, "name": "Dubrovnik-Neretva"}, {"id": 992, "name": "Istria"}, {"id": 993, "name": "Karlovac"}, {"id": 994, "name": "Koprivnica-Križevci"}, {"id": 995, "name": "Krapina-Zagorje"}, {"id": 996, "name": "Lika-Senj"}, {"id": 997, "name": "Međimurje"}, {"id": 998, "name": "Osijek-Baranja"}, {"id": 999, "name": "Požega-Slavonia"}, {"id": 1000, "name": "Primorje-Gorski Kotar"}, {"id": 1001, "name": "Šibenik-Knin"}, {"id": 1002, "name": "Sisak-Moslavina"}, {"id": 1003, "name": "Split-Dalmatia"}, {"id": 1004, "name": "Varaždin"}, {"id": 1005, "name": "Virovitica-Podravina"}, {"id": 1006, "name": "Vukovar-Syrmia"}, {"id": 1007, "name": "Zadar"}, {"id": 1008, "name": "Zagreb County"}, {"id": 1009, "name": "Zagreb"}]}, {"id": 11, "name": "Cuba", "iso_alpha2": "CU", "iso_alpha3": "CUB", "iso_numeric": "192", "states": [{"id": 196, "name": "Artemisa"}, {"id": 197, "name": "Camagüey"}, {"id": 198, "name": "Ciego de Ávila"}, {"id": 199, "name": "Cienfuegos"}, {"id": 200, "name": "Granma"}, {"id": 201, "name": "Guantánamo"}, {"id": 202, "name": "Havana"}, {"id": 203, "name": "Holguín"}, {"id": 204, "name": "Las Tunas"}, {"id": 205, "name": "Matanzas"}, {"id": 206, "name": "Mayabeque"}, {"id": 207, "name": "Pinar del Río"}, {"id": 208, "name": "Sancti Spíritus"}, {"id": 209, "name": "Santiago de Cuba"}, {"id": 210, "name": "Villa Clara"}, {"id": 211, "name": "Isla de la Juventud"}]}, {"id": 53, "name": "Czech Republic", "iso_alpha2": "CZ", "iso_alpha3": "CZE", "iso_numeric": "203", "states": [{"id": 885, "name": "Central Bohemia"}, {"id": 886, "name": "Hradec Králové"}, {"id": 887, "name": "Karlovy Vary"}, {"id": 888, "name": "Liberec"}, {"id": 889, "name": "Moravian-Silesian"}, {"id": 890, "name": "Olomouc"}, {"id": 891, "name": "Pardubice"}, {"id": 892, "name": "Plzeň"}, {"id": 893, "name": "Prague"}, {"id": 894, "name": "South Bohemia"}, {"id": 895, "name": "South Moravia"}, {"id": 896, "name": "Ústí nad Labem"}, {"id": 897, "name": "Vysočina"}, {"id": 898, "name": "Zlín"}]}, {"id": 48, "name": "Denmark", "iso_alpha2": "DK", "iso_alpha3": "DNK", "iso_numeric": "208", "states": [{"id": 812, "name": "Capital Region"}, {"id": 813, "name": "Central Denmark Region"}, {"id": 814, "name": "North Denmark Region"}, {"id": 815, "name": "Region of Southern Denmark"}, {"id": 816, "name": "Zealand"}]}, {"id": 23, "name": "Dominica", "iso_alpha2": "DM", "iso_alpha3": "DMA", "iso_numeric": "212", "states": [{"id": 386, "name": "Saint Andrew"}, {"id": 387, "name": "Saint David"}, {"id": 388, "name": "Saint George"}, {"id": 389, "name": "Saint John"}, {"id": 390, "name": "Saint Joseph"}, {"id": 391, "name": "Saint Luke"}, {"id": 392, "name": "Saint Mark"}, {"id": 393, "name": "Saint Patrick"}, {"id": 394, "name": "Saint Paul"}, {"id": 395, "name": "Saint Peter"}]}, {"id": 14, "name": "Dominican Republic", "iso_alpha2": "DO", "iso_alpha3": "DOM", "iso_numeric": "214", "states": [{"id": 236, "name": "Azua"}, {"id": 237, "name": "Bahoruco"}, {"id": 238, "name": "Barahona"}, {"id": 239, "name": "Dajabón"}, {"id": 240, "name": "Duarte"}, {"id": 241, "name": "Elías Piña"}, {"id": 242, "name": "El Seibo"}, {"id": 243, "name": "Espaillat"}, {"id": 244, "name": "Hato Mayor"}, {"id": 245, "name": "Hermanas Mirabal"}, {"id": 246, "name": "Independencia"}, {"id": 247, "name": "La Altagracia"}, {"id": 248, "name": "La Romana"}, {"id": 249, "name": "La Vega"}, {"id": 250, "name": "María Trinidad Sánchez"}, {"id": 251, "name": "Monseñor Nouel"}, {"id": 252, "name": "Monte Cristi"}, {"id": 253, "name": "Monte Plata"}, {"id": 254, "name": "Pedernales"}, {"id": 255, "name": "Peravia"}, {"id": 256, "name": "Puerto Plata"}, {"id": 257, "name": "Samaná"}, {"id": 258, "name": "San Cristóbal"}, {"id": 259, "name": "San José de Ocoa"}, {"id": 260, "name": "San Juan"}, {"id": 261, "name": "San Pedro de Macorís"}, {"id": 262, "name": "Sánchez Ramírez"}, {"id": 263, "name": "Santiago"}, {"id": 264, "name": "Santiago Rodríguez"}, {"id": 265, "name": "Santo Domingo"}, {"id": 266, "name": "Valverde"}, {"id": 267, "name": "Distrito Nacional"}]}, {"id": 31, "name": "Ecuador", "iso_alpha2": "EC", "iso_alpha3": "ECU", "iso_numeric": "218", "states": [{"id": 560, "name": "Azuay"}, {"id": 561, "name": "Bolívar"}, {"id": 562, "name": "Cañar"}, {"id": 563, "name": "Carchi"}, {"id": 564, "name": "Chimborazo"}, {"id": 565, "name": "Cotopaxi"}, {"id": 566, "name": "El Oro"}, {"id": 567, "name": "Esmeraldas"}, {"id": 568, "name": "Galápagos"}, {"id": 569, "name": "Guayas"}, {"id": 570, "name": "Imbabura"}, {"id": 571, "name": "Loja"}, {"id": 572, "name": "Los Ríos"}, {"id": 573, "name": "Manabí"}, {"id": 574, "name": "Morona-Santiago"}, {"id": 575, "name": "Napo"}, {"id": 576, "name": "Orellana"}, {"id": 577, "name": "Pastaza"}, {"id": 578, "name": "Pichincha"}, {"id": 579, "name": "Santa Elena"}, {"id": 580, "name": "Santo Domingo de los Tsáchilas"}, {"id": 581, "name": "Sucumbíos"}, {"id": 582, "name": "Tungurahua"}, {"id": 583, "name": "Zamora-Chinchipe"}]}, {"id": 97, "name": "Egypt", "iso_alpha2": "EG", "iso_alpha3": "EGY", "iso_numeric": "818", "states": [{"id": 1888, "name": "Alexandria"}, {"id": 1889, "name": "Aswan"}, {"id": 1890, "name": "Asyut"}, {"id": 1891, "name": "Beheira"}, {"id": 1892, "name": "Beni Suef"}, {"id": 1893, "name": "Cairo"}, {"id": 1894, "name": "Dakahlia"}, {"id": 1895, "name": "Damietta"}, {"id": 1896, "name": "Fayyum"}, {"id": 1897, "name": "Gharbia"}, {"id": 1898, "name": "Giza"}, {"id": 1899, "name": "Ismailia"}, {"id": 1900, "name": "Kafr el-Sheikh"}, {"id": 1901, "name": "Luxor"}, {"id": 1902, "name": "Matrouh"}, {"id": 1903, "name": "Minya"}, {"id": 1904, "name": "Monufia"}, {"id": 1905, "name": "New Valley"}, {"id": 1906, "name": "North Sinai"}, {"id": 1907, "name": "Port Said"}, {"id": 1908, "name": "Qalyubia"}, {"id": 1909, "name": "Qena"}, {"id": 1910, "name": "Red Sea"}, {"id": 1911, "name": "Sharqia"}, {"id": 1912, "name": "Sohag"}, {"id": 1913, "name": "South Sinai"}, {"id": 1914, "name": "Suez"}]}, {"id": 6, "name": "El Salvador", "iso_alpha2": "SV", "iso_alpha3": "SLV", "iso_numeric": "222", "states": [{"id": 125, "name": "Ahuachapán"}, {"id": 126, "name": "Cabañas"}, {"id": 127, "name": "Chalatenango"}, {"id": 128, "name": "Cuscatlán"}, {"id": 129, "name": "La Libertad"}, {"id": 130, "name": "La Paz"}, {"id": 131, "name": "La Unión"}, {"id": 132, "name": "Morazán"}, {"id": 133, "name": "San Miguel"}, {"id": 134, "name": "San Salvador"}, {"id": 135, "name": "San Vicente"}, {"id": 136, "name": "Santa Ana"}, {"id": 137, "name": "Sonsonate"}, {"id": 138, "name": "Usulután"}]}, {"id": 100, "name": "Ethiopia", "iso_alpha2": "ET", "iso_alpha3": "ETH", "iso_numeric": "231", "states": [{"id": 1978, "name": "Addis Ababa"}, {"id": 1979, "name": "Afar"}, {"id": 1980, "name": "Amhara"}, {"id": 1981, "name": "Benishangul-Gumuz"}, {"id": 1982, "name": "Central Ethiopia"}, {"id": 1983, "name": "Dire Dawa"}, {"id": 1984, "name": "Gambela"}, {"id": 1985, "name": "Harari"}, {"id": 1986, "name": "Oromia"}, {"id": 1987, "name": "Sidama"}, {"id": 1988, "name": "Somali"}, {"id": 1989, "name": "South West Ethiopia Peoples"}, {"id": 1990, "name": "Tigray"}]}, {"id": 117, "name": "Fiji", "iso_alpha2": "FJ", "iso_alpha3": "FJI", "iso_numeric": "242", "states": [{"id": 2274, "name": "Central Division"}, {"id": 2275, "name": "Eastern Division"}, {"id": 2276, "name": "Northern Division"}, {"id": 2277, "name": "Western Division"}, {"id": 2278, "name": "Ba"}, {"id": 2279, "name": "Bua"}, {"id": 2280, "name": "Cakaudrove"}, {"id": 2281, "name": "Kadavu"}, {"id": 2282, "name": "Lau"}, {"id": 2283, "name": "Lomaiviti"}, {"id": 2284, "name": "Macuata"}, {"id": 2285, "name": "Nadroga-Navosa"}, {"id": 2286, "name": "Naitasiri"}, {"id": 2287, "name": "Namosi"}, {"id": 2288, "name": "Ra"}, {"id": 2289, "name": "Rewa"}, {"id": 2290, "name": "Serua"}, {"id": 2291, "name": "Tailevu"}]}, {"id": 49, "name": "Finland", "iso_alpha2": "FI", "iso_alpha3": "FIN", "iso_numeric": "246", "states": [{"id": 817, "name": "Åland"}, {"id": 818, "name": "Central Finland"}, {"id": 819, "name": "Central Ostrobothnia"}, {"id": 820, "name": "Finland Proper"}, {"id": 821, "name": "Kainuu"}, {"id": 822, "name": "Kanta-Häme"}, {"id": 823, "name": "Kymenlaakso"}, {"id": 824, "name": "Lapland"}, {"id": 825, "name": "North Karelia"}, {"id": 826, "name": "North Ostrobothnia"}, {"id": 827, "name": "Northern Savonia"}, {"id": 828, "name": "Ostrobothnia"}, {"id": 829, "name": "Päijät-Häme"}, {"id": 830, "name": "Pirkanmaa"}, {"id": 831, "name": "Satakunta"}, {"id": 832, "name": "South Karelia"}, {"id": 833, "name": "South Ostrobothnia"}, {"id": 834, "name": "Southern Savonia"}, {"id": 835, "name": "Uusimaa"}]}, {"id": 39, "name": "France", "iso_alpha2": "FR", "iso_alpha3": "FRA", "iso_numeric": "250", "states": [{"id": 670, "name": "Auvergne-Rhône-Alpes"}, {"id": 671, "name": "Bourgogne-Franche-Comté"}, {"id": 672, "name": "Bretagne"}, {"id": 673, "name": "Centre-Val de Loire"}, {"id": 674, "name": "Corse"}, {"id": 675, "name": "Grand Est"}, {"id": 676, "name": "Guadeloupe"}, {"id": 677, "name": "Guyane"}, {"id": 678, "name": "Hauts-de-France"}, {"id": 679, "name": "Île-de-France"}, {"id": 680, "name": "La Réunion"}, {"id": 681, "name": "Martinique"}, {"id": 682, "name": "Mayotte"}, {"id": 683, "name": "Normandie"}, {"id": 684, "name": "Nouvelle-Aquitaine"}, {"id": 685, "name": "Occitanie"}, {"id": 686, "name": "Pays de la Loire"}, {"id": 687, "name": "Provence-Alpes-Côte d'Azur"}]}, {"id": 38, "name": "Germany", "iso_alpha2": "DE", "iso_alpha3": "DEU", "iso_numeric": "276", "states": [{"id": 654, "name": "Baden-Württemberg"}, {"id": 655, "name": "Bayern"}, {"id": 656, "name": "Berlin"}, {"id": 657, "name": "Brandenburg"}, {"id": 658, "name": "Bremen"}, {"id": 659, "name": "Hamburg"}, {"id": 660, "name": "Hessen"}, {"id": 661, "name": "Mecklenburg-Vorpommern"}, {"id": 662, "name": "Niedersachsen"}, {"id": 663, "name": "Nordrhein-Westfalen"}, {"id": 664, "name": "Rheinland-Pfalz"}, {"id": 665, "name": "Saarland"}, {"id": 666, "name": "Sachsen"}, {"id": 667, "name": "Sachsen-Anhalt"}, {"id": 668, "name": "Schleswig-Holstein"}, {"id": 669, "name": "Thüringen"}]}, {"id": 99, "name": "Ghana", "iso_alpha2": "GH", "iso_alpha3": "GHA", "iso_numeric": "288", "states": [{"id": 1962, "name": "Ahafo"}, {"id": 1963, "name": "Ashanti"}, {"id": 1964, "name": "Bono"}, {"id": 1965, "name": "Bono East"}, {"id": 1966, "name": "Central"}, {"id": 1967, "name": "Eastern"}, {"id": 1968, "name": "Greater Accra"}, {"id": 1969, "name": "North East"}, {"id": 1970, "name": "Northern"}, {"id": 1971, "name": "Oti"}, {"id": 1972, "name": "Savannah"}, {"id": 1973, "name": "Upper East"}, {"id": 1974, "name": "Upper West"}, {"id": 1975, "name": "Volta"}, {"id": 1976, "name": "Western"}, {"id": 1977, "name": "Western North"}]}, {"id": 51, "name": "Greece", "iso_alpha2": "GR", "iso_alpha3": "GRC", "iso_numeric": "300", "states": [{"id": 856, "name": "Attica"}, {"id": 857, "name": "Central Greece"}, {"id": 858, "name": "Central Macedonia"}, {"id": 859, "name": "Crete"}, {"id": 860, "name": "Eastern Macedonia and Thrace"}, {"id": 861, "name": "Epirus"}, {"id": 862, "name": "Ionian Islands"}, {"id": 863, "name": "North Aegean"}, {"id": 864, "name": "Peloponnese"}, {"id": 865, "name": "South Aegean"}, {"id": 866, "name": "Thessaly"}, {"id": 867, "name": "Western Greece"}, {"id": 868, "name": "Western Macedonia"}]}, {"id": 20, "name": "Grenada", "iso_alpha2": "GD", "iso_alpha3": "GRD", "iso_numeric": "308", "states": [{"id": 365, "name": "Carriacou and Petite Martinique"}, {"id": 366, "name": "Saint Andrew"}, {"id": 367, "name": "Saint David"}, {"id": 368, "name": "Saint George"}, {"id": 369, "name": "Saint John"}, {"id": 370, "name": "Saint Mark"}, {"id": 371, "name": "Saint Patrick"}]}, {"id": 4, "name": "Guatemala", "iso_alpha2": "GT", "iso_alpha3": "GTM", "iso_numeric": "320", "states": [{"id": 97, "name": "Alta Verapaz"}, {"id": 98, "name": "Baja Verapaz"}, {"id": 99, "name": "Chimaltenango"}, {"id": 100, "name": "Chiquimula"}, {"id": 101, "name": "El Progreso"}, {"id": 102, "name": "Escuintla"}, {"id": 103, "name": "Guatemala"}, {"id": 104, "name": "Huehuetenango"}, {"id": 105, "name": "Izabal"}, {"id": 106, "name": "Jalapa"}, {"id": 107, "name": "Jutiapa"}, {"id": 108, "name": "Petén"}, {"id": 109, "name": "Quetzaltenango"}, {"id": 110, "name": "Quiché"}, {"id": 111, "name": "Retalhuleu"}, {"id": 112, "name": "Sacatepéquez"}, {"id": 113, "name": "San Marcos"}, {"id": 114, "name": "Santa Rosa"}, {"id": 115, "name": "Sololá"}, {"id": 116, "name": "Suchitepéquez"}, {"id": 117, "name": "Totonicapán"}, {"id": 118, "name": "Zacapa"}]}, {"id": 35, "name": "Guyana", "iso_alpha2": "GY", "iso_alpha3": "GUY", "iso_numeric": "328", "states": [{"id": 630, "name": "Barima-Waini"}, {"id": 631, "name": "Cuyuni-Mazaruni"}, {"id": 632, "name": "Demerara-Mahaica"}, {"id": 633, "name": "East Berbice-Corentyne"}, {"id": 634, "name": "Essequibo Islands-West Demerara"}, {"id": 635, "name": "Mahaica-Berbice"}, {"id": 636, "name": "Pomeroon-Supenaam"}, {"id": 637, "name": "Potaro-Siparuni"}, {"id": 638, "name": "Upper Demerara-Berbice"}, {"id": 639, "name": "Upper Takutu-Upper Essequibo"}]}, {"id": 13, "name": "Haiti", "iso_alpha2": "HT", "iso_alpha3": "HTI", "iso_numeric": "332", "states": [{"id": 226, "name": "Artibonite"}, {"id": 227, "name": "Centre"}, {"id": 228, "name": "Grand'Anse"}, {"id": 229, "name": "Nippes"}, {"id": 230, "name": "Nord"}, {"id": 231, "name": "Nord-Est"}, {"id": 232, "name": "Nord-Ouest"}, {"id": 233, "name": "Ouest"}, {"id": 234, "name": "Sud"}, {"id": 235, "name": "Sud-Est"}]}, {"id": 7, "name": "Honduras", "iso_alpha2": "HN", "iso_alpha3": "HND", "iso_numeric": "340", "states": [{"id": 139, "name": "Atlántida"}, {"id": 140, "name": "Choluteca"}, {"id": 141, "name": "Colón"}, {"id": 142, "name": "Comayagua"}, {"id": 143, "name": "Copán"}, {"id": 144, "name": "Cortés"}, {"id": 145, "name": "El Paraíso"}, {"id": 146, "name": "Francisco Morazán"}, {"id": 147, "name": "Gracias a Dios"}, {"id": 148, "name": "Intibucá"}, {"id": 149, "name": "Islas de la Bahía"}, {"id": 150, "name": "La Paz"}, {"id": 151, "name": "Lempira"}, {"id": 152, "name": "Ocotepeque"}, {"id": 153, "name": "Olancho"}, {"id": 154, "name": "Santa Bárbara"}, {"id": 155, "name": "Valle"}, {"id": 156, "name": "Yoro"}]}, {"id": 72, "name": "Hong Kong", "iso_alpha2": "HK", "iso_alpha3": "HKG", "iso_numeric": "344", "states": [{"id": 1458, "name": "Central and Western"}, {"id": 1459, "name": "Eastern"}, {"id": 1460, "name": "Islands"}, {"id": 1461, "name": "Kowloon City"}, {"id": 1462, "name": "Kwai Tsing"}, {"id": 1463, "name": "Kwun Tong"}, {"id": 1464, "name": "North"}, {"id": 1465, "name": "Sai Kung"}, {"id": 1466, "name": "Sha Tin"}, {"id": 1467, "name": "Sham Shui Po"}, {"id": 1468, "name": "Southern"}, {"id": 1469, "name": "Tai Po"}, {"id": 1470, "name": "Tsuen Wan"}, {"id": 1471, "name": "Tuen Mun"}, {"id": 1472, "name": "Wan Chai"}, {"id": 1473, "name": "Wong Tai Sin"}, {"id": 1474, "name": "Yau Tsim Mong"}, {"id": 1475, "name": "Yuen Long"}]}, {"id": 54, "name": "Hungary", "iso_alpha2": "HU", "iso_alpha3": "HUN", "iso_numeric": "348", "states": [{"id": 899, "name": "Bács-Kiskun"}, {"id": 900, "name": "Baranya"}, {"id": 901, "name": "Békés"}, {"id": 902, "name": "Borsod-Abaúj-Zemplén"}, {"id": 903, "name": "Budapest"}, {"id": 904, "name": "Csongrád-Csanád"}, {"id": 905, "name": "Fejér"}, {"id": 906, "name": "Győr-Moson-Sopron"}, {"id": 907, "name": "Hajdú-Bihar"}, {"id": 908, "name": "Heves"}, {"id": 909, "name": "Jász-Nagykun-Szolnok"}, {"id": 910, "name": "Komárom-Esztergom"}, {"id": 911, "name": "Nógrád"}, {"id": 912, "name": "Pest"}, {"id": 913, "name": "Somogy"}, {"id": 914, "name": "Szabolcs-Szatmár-Bereg"}, {"id": 915, "name": "Tolna"}, {"id": 916, "name": "Vas"}, {"id": 917, "name": "Veszprém"}, {"id": 918, "name": "Zala"}]}, {"id": 64, "name": "India", "iso_alpha2": "IN", "iso_alpha3": "IND", "iso_numeric": "356", "states": [{"id": 1185, "name": "Andhra Pradesh"}, {"id": 1186, "name": "Arunachal Pradesh"}, {"id": 1187, "name": "Assam"}, {"id": 1188, "name": "Bihar"}, {"id": 1189, "name": "Chhattisgarh"}, {"id": 1190, "name": "Goa"}, {"id": 1191, "name": "Gujarat"}, {"id": 1192, "name": "Haryana"}, {"id": 1193, "name": "Himachal Pradesh"}, {"id": 1194, "name": "Jharkhand"}, {"id": 1195, "name": "Karnataka"}, {"id": 1196, "name": "Kerala"}, {"id": 1197, "name": "Madhya Pradesh"}, {"id": 1198, "name": "Maharashtra"}, {"id": 1199, "name": "Manipur"}, {"id": 1200, "name": "Meghalaya"}, {"id": 1201, "name": "Mizoram"}, {"id": 1202, "name": "Nagaland"}, {"id": 1203, "name": "Odisha"}, {"id": 1204, "name": "Punjab"}, {"id": 1205, "name": "Rajasthan"}, {"id": 1206, "name": "Sikkim"}, {"id": 1207, "name": "Tamil Nadu"}, {"id": 1208, "name": "Telangana"}, {"id": 1209, "name": "Tripura"}, {"id": 1210, "name": "Uttar Pradesh"}, {"id": 1211, "name": "Uttarakhand"}, {"id": 1212, "name": "West Bengal"}, {"id": 1213, "name": "Andaman and Nicobar Islands"}, {"id": 1214, "name": "Chandigarh"}, {"id": 1215, "name": "Dadra and Nagar Haveli and Daman and Diu"}, {"id": 1216, "name": "Delhi"}, {"id": 1217, "name": "Jammu and Kashmir"}, {"id": 1218, "name": "Ladakh"}, {"id": 1219, "name": "Lakshadweep"}, {"id": 1220, "name": "Puducherry"}]}, {"id": 65, "name": "Indonesia", "iso_alpha2": "ID", "iso_alpha3": "IDN", "iso_numeric": "360", "states": [{"id": 1221, "name": "Aceh"}, {"id": 1222, "name": "Bali"}, {"id": 1223, "name": "Bangka Belitung Islands"}, {"id": 1224, "name": "Banten"}, {"id": 1225, "name": "Bengkulu"}, {"id": 1226, "name": "Central Java"}, {"id": 1227, "name": "Central Kalimantan"}, {"id": 1228, "name": "Central Papua"}, {"id": 1229, "name": "Central Sulawesi"}, {"id": 1230, "name": "East Java"}, {"id": 1231, "name": "East Kalimantan"}, {"id": 1232, "name": "East Nusa Tenggara"}, {"id": 1233, "name": "Gorontalo"}, {"id": 1234, "name": "Highland Papua"}, {"id": 1235, "name": "Jakarta"}, {"id": 1236, "name": "Jambi"}, {"id": 1237, "name": "Lampung"}, {"id": 1238, "name": "Maluku"}, {"id": 1239, "name": "North Kalimantan"}, {"id": 1240, "name": "North Maluku"}, {"id": 1241, "name": "North Sulawesi"}, {"id": 1242, "name": "North Sumatra"}, {"id": 1243, "name": "Papua"}, {"id": 1244, "name": "Riau"}, {"id": 1245, "name": "Riau Islands"}, {"id": 1246, "name": "South Kalimantan"}, {"id": 1247, "name": "South Papua"}, {"id": 1248, "name": "South Sulawesi"}, {"id": 1249, "name": "South Sumatra"}, {"id": 1250, "name": "Southeast Sulawesi"}, {"id": 1251, "name": "Southwest Papua"}, {"id": 1252, "name": "West Java"}, {"id": 1253, "name": "West Kalimantan"}, {"id": 1254, "name": "West Nusa Tenggara"}, {"id": 1255, "name": "West Papua"}, {"id": 1256, "name": "West Sulawesi"}, {"id": 1257, "name": "West Sumatra"}, {"id": 1258, "name": "Yogyakarta"}]}, {"id": 81, "name": "Iran", "iso_alpha2": "IR", "iso_alpha3": "IRN", "iso_numeric": "364", "states": [{"id": 1599, "name": "Alborz"}, {"id": 1600, "name": "Ardabil"}, {"id": 1601, "name": "Bushehr"}, {"id": 1602, "name": "Chaharmahal and Bakhtiari"}, {"id": 1603, "name": "East Azerbaijan"}, {"id": 1604, "name": "Fars"}, {"id": 1605, "name": "Gilan"}, {"id": 1606, "name": "Golestan"}, {"id": 1607, "name": "Hamadan"}, {"id": 1608, "name": "Hormozgan"}, {"id": 1609, "name": "Ilam"}, {"id": 1610, "name": "Isfahan"}, {"id": 1611, "name": "Kerman"}, {"id": 1612, "name": "Kermanshah"}, {"id": 1613, "name": "Khuzestan"}, {"id": 1614, "name": "Kohgiluyeh and Boyer-Ahmad"}, {"id": 1615, "name": "Kurdistan"}, {"id": 1616, "name": "Lorestan"}, {"id": 1617, "name": "Markazi"}, {"id": 1618, "name": "Mazandaran"}, {"id": 1619, "name": "North Khorasan"}, {"id": 1620, "name": "Qazvin"}, {"id": 1621, "name": "Qom"}, {"id": 1622, "name": "Razavi Khorasan"}, {"id": 1623, "name": "Semnan"}, {"id": 1624, "name": "Sistan and Baluchestan"}, {"id": 1625, "name": "South Khorasan"}, {"id": 1626, "name": "Tehran"}, {"id": 1627, "name": "West Azerbaijan"}, {"id": 1628, "name": "Yazd"}, {"id": 1629, "name": "Zanjan"}]}, {"id": 82, "name": "Iraq", "iso_alpha2": "IQ", "iso_alpha3": "IRQ", "iso_numeric": "368", "states": [{"id": 1630, "name": "Al Anbar"}, {"id": 1631, "name": "Babil"}, {"id": 1632, "name": "Baghdad"}, {"id": 1633, "name": "Basra"}, {"id": 1634, "name": "Dhi Qar"}, {"id": 1635, "name": "Al-Qādisiyyah"}, {"id": 1636, "name": "Diyala"}, {"id": 1637, "name": "Duhok"}, {"id": 1638, "name": "Erbil"}, {"id": 1639, "name": "Halabja"}, {"id": 1640, "name": "Karbala"}, {"id": 1641, "name": "Kirkuk"}, {"id": 1642, "name": "Maysan"}, {"id": 1643, "name": "Muthanna"}, {"id": 1644, "name": "Najaf"}, {"id": 1645, "name": "Nineveh"}, {"id": 1646, "name": "Saladin"}, {"id": 1647, "name": "Sulaymaniyah"}, {"id": 1648, "name": "Wasit"}]}, {"id": 86, "name": "Israel", "iso_alpha2": "IL", "iso_alpha3": "ISR", "iso_numeric": "376", "states": [{"id": 1750, "name": "Central District"}, {"id": 1751, "name": "Haifa District"}, {"id": 1752, "name": "Jerusalem District"}, {"id": 1753, "name": "Northern District"}, {"id": 1754, "name": "Southern District"}, {"id": 1755, "name": "Tel Aviv District"}]}, {"id": 40, "name": "Italy", "iso_alpha2": "IT", "iso_alpha3": "ITA", "iso_numeric": "380", "states": [{"id": 688, "name": "Abruzzo"}, {"id": 689, "name": "Basilicata"}, {"id": 690, "name": "Calabria"}, {"id": 691, "name": "Campania"}, {"id": 692, "name": "Emilia-Romagna"}, {"id": 693, "name": "Friuli-Venezia Giulia"}, {"id": 694, "name": "Lazio"}, {"id": 695, "name": "Liguria"}, {"id": 696, "name": "Lombardia"}, {"id": 697, "name": "Marche"}, {"id": 698, "name": "Molise"}, {"id": 699, "name": "Piemonte"}, {"id": 700, "name": "Puglia"}, {"id": 701, "name": "Sardegna"}, {"id": 702, "name": "Sicilia"}, {"id": 703, "name": "Toscana"}, {"id": 704, "name": "Trentino-Alto Adige"}, {"id": 705, "name": "Umbria"}, {"id": 706, "name": "Valle d'Aosta"}, {"id": 707, "name": "Veneto"}]}, {"id": 12, "name": "Jamaica", "iso_alpha2": "JM", "iso_alpha3": "JAM", "iso_numeric": "388", "states": [{"id": 212, "name": "Clarendon"}, {"id": 213, "name": "Hanover"}, {"id": 214, "name": "Kingston"}, {"id": 215, "name": "Manchester"}, {"id": 216, "name": "Portland"}, {"id": 217, "name": "Saint Andrew"}, {"id": 218, "name": "Saint Ann"}, {"id": 219, "name": "Saint Catherine"}, {"id": 220, "name": "Saint Elizabeth"}, {"id": 221, "name": "Saint James"}, {"id": 222, "name": "Saint Mary"}, {"id": 223, "name": "Saint Thomas"}, {"id": 224, "name": "Trelawny"}, {"id": 225, "name": "Westmoreland"}]}, {"id": 62, "name": "Japan", "iso_alpha2": "JP", "iso_alpha3": "JPN", "iso_numeric": "392", "states": [{"id": 1121, "name": "Aichi"}, {"id": 1122, "name": "Akita"}, {"id": 1123, "name": "Aomori"}, {"id": 1124, "name": "Chiba"}, {"id": 1125, "name": "Ehime"}, {"id": 1126, "name": "Fukui"}, {"id": 1127, "name": "Fukuoka"}, {"id": 1128, "name": "Fukushima"}, {"id": 1129, "name": "Gifu"}, {"id": 1130, "name": "Gunma"}, {"id": 1131, "name": "Hiroshima"}, {"id": 1132, "name": "Hokkaido"}, {"id": 1133, "name": "Hyogo"}, {"id": 1134, "name": "Ibaraki"}, {"id": 1135, "name": "Ishikawa"}, {"id": 1136, "name": "Iwate"}, {"id": 1137, "name": "Kagawa"}, {"id": 1138, "name": "Kagoshima"}, {"id": 1139, "name": "Kanagawa"}, {"id": 1140, "name": "Kochi"}, {"id": 1141, "name": "Kumamoto"}, {"id": 1142, "name": "Kyoto"}, {"id": 1143, "name": "Mie"}, {"id": 1144, "name": "Miyagi"}, {"id": 1145, "name": "Miyazaki"}, {"id": 1146, "name": "Nagano"}, {"id": 1147, "name": "Nagasaki"}, {"id": 1148, "name": "Nara"}, {"id": 1149, "name": "Niigata"}, {"id": 1150, "name": "Oita"}, {"id": 1151, "name": "Okayama"}, {"id": 1152, "name": "Okinawa"}, {"id": 1153, "name": "Osaka"}, {"id": 1154, "name": "Saga"}, {"id": 1155, "name": "Saitama"}, {"id": 1156, "name": "Shiga"}, {"id": 1157, "name": "Shimane"}, {"id": 1158, "name": "Shizuoka"}, {"id": 1159, "name": "Tochigi"}, {"id": 1160, "name": "Tokushima"}, {"id": 1161, "name": "Tokyo"}, {"id": 1162, "name": "Tottori"}, {"id": 1163, "name": "Toyama"}, {"id": 1164, "name": "Wakayama"}, {"id": 1165, "name": "Yamagata"}, {"id": 1166, "name": "Yamaguchi"}, {"id": 1167, "name": "Yamanashi"}]}, {"id": 87, "name": "Jordan", "iso_alpha2": "JO", "iso_alpha3": "JOR", "iso_numeric": "400", "states": [{"id": 1756, "name": "Ajloun"}, {"id": 1757, "name": "Amman"}, {"id": 1758, "name": "Aqaba"}, {"id": 1759, "name": "Balqa"}, {"id": 1760, "name": "Irbid"}, {"id": 1761, "name": "Jerash"}, {"id": 1762, "name": "Karak"}, {"id": 1763, "name": "Ma'an"}, {"id": 1764, "name": "Madaba"}, {"id": 1765, "name": "Mafraq"}, {"id": 1766, "name": "Tafilah"}, {"id": 1767, "name": "Zarqa"}]}, {"id": 98, "name": "Kenya", "iso_alpha2": "KE", "iso_alpha3": "KEN", "iso_numeric": "404", "states": [{"id": 1915, "name": "Baringo"}, {"id": 1916, "name": "Bomet"}, {"id": 1917, "name": "Bungoma"}, {"id": 1918, "name": "Busia"}, {"id": 1919, "name": "Elgeyo-Marakwet"}, {"id": 1920, "name": "Embu"}, {"id": 1921, "name": "Garissa"}, {"id": 1922, "name": "Homa Bay"}, {"id": 1923, "name": "Isiolo"}, {"id": 1924, "name": "Kajiado"}, {"id": 1925, "name": "Kakamega"}, {"id": 1926, "name": "Kericho"}, {"id": 1927, "name": "Kiambu"}, {"id": 1928, "name": "Kilifi"}, {"id": 1929, "name": "Kirinyaga"}, {"id": 1930, "name": "Kisii"}, {"id": 1931, "name": "Kisumu"}, {"id": 1932, "name": "Kitui"}, {"id": 1933, "name": "Kwale"}, {"id": 1934, "name": "Laikipia"}, {"id": 1935, "name": "Lamu"}, {"id": 1936, "name": "Machakos"}, {"id": 1937, "name": "Makueni"}, {"id": 1938, "name": "Mandera"}, {"id": 1939, "name": "Marsabit"}, {"id": 1940, "name": "Meru"}, {"id": 1941, "name": "Migori"}, {"id": 1942, "name": "Mombasa"}, {"id": 1943, "name": "Murang'a"}, {"id": 1944, "name": "Nairobi"}, {"id": 1945, "name": "Nakuru"}, {"id": 1946, "name": "Nandi"}, {"id": 1947, "name": "Narok"}, {"id": 1948, "name": "Nyamira"}, {"id": 1949, "name": "Nyandarua"}, {"id": 1950, "name": "Nyeri"}, {"id": 1951, "name": "Samburu"}, {"id": 1952, "name": "Siaya"}, {"id": 1953, "name": "Taita-Taveta"}, {"id": 1954, "name": "Tana River"}, {"id": 1955, "name": "Tharaka-Nithi"}, {"id": 1956, "name": "Trans Nzoia"}, {"id": 1957, "name": "Turkana"}, {"id": 1958, "name": "Uasin Gishu"}, {"id": 1959, "name": "Vihiga"}, {"id": 1960, "name": "Wajir"}, {"id": 1961, "name": "West Pokot"}]}, {"id": 90, "name": "Kuwait", "iso_alpha2": "KW", "iso_alpha3": "KWT", "iso_numeric": "414", "states": [{"id": 1790, "name": "Al Ahmadi"}, {"id": 1791, "name": "Al Farwaniyah"}, {"id": 1792, "name": "Al Jahra"}, {"id": 1793, "name": "Capital"}, {"id": 1794, "name": "Hawalli"}, {"id": 1795, "name": "Mubarak Al-Kabeer"}]}, {"id": 78, "name": "Laos", "iso_alpha2": "LA", "iso_alpha3": "LAO", "iso_numeric": "418", "states": [{"id": 1540, "name": "Attapeu"}, {"id": 1541, "name": "Bokeo"}, {"id": 1542, "name": "Bolikhamsai"}, {"id": 1543, "name": "Champasak"}, {"id": 1544, "name": "Houaphanh"}, {"id": 1545, "name": "Khammouane"}, {"id": 1546, "name": "Luang Namtha"}, {"id": 1547, "name": "Luang Prabang"}, {"id": 1548, "name": "Oudomxay"}, {"id": 1549, "name": "Phongsaly"}, {"id": 1550, "name": "Sainyabuli"}, {"id": 1551, "name": "Salavan"}, {"id": 1552, "name": "Savannakhet"}, {"id": 1553, "name": "Sekong"}, {"id": 1554, "name": "Vientiane"}, {"id": 1555, "name": "Vientiane Prefecture"}, {"id": 1556, "name": "Xaisomboun"}, {"id": 1557, "name": "Xiangkhouang"}]}, {"id": 88, "name": "Lebanon", "iso_alpha2": "LB", "iso_alpha3": "LBN", "iso_numeric": "422", "states": [{"id": 1768, "name": "Akkar"}, {"id": 1769, "name": "Baalbek-Hermel"}, {"id": 1770, "name": "Beirut"}, {"id": 1771, "name": "Beqaa"}, {"id": 1772, "name": "Mount Lebanon"}, {"id": 1773, "name": "Nabatieh"}, {"id": 1774, "name": "North Lebanon"}, {"id": 1775, "name": "South Lebanon"}]}, {"id": 104, "name": "Libya", "iso_alpha2": "LY", "iso_alpha3": "LBY", "iso_numeric": "434", "states": [{"id": 2085, "name": "Al Wahat"}, {"id": 2086, "name": "Benghazi"}, {"id": 2087, "name": "Derna"}, {"id": 2088, "name": "Ghat"}, {"id": 2089, "name": "Jabal al Akhdar"}, {"id": 2090, "name": "Jabal al Gharbi"}, {"id": 2091, "name": "Jafara"}, {"id": 2092, "name": "Jufra"}, {"id": 2093, "name": "Kufra"}, {"id": 2094, "name": "Marj"}, {"id": 2095, "name": "Misrata"}, {"id": 2096, "name": "Murzuq"}, {"id": 2097, "name": "Nalut"}, {"id": 2098, "name": "Nuqat al Khams"}, {"id": 2099, "name": "Sabha"}, {"id": 2100, "name": "Sarraj"}, {"id": 2101, "name": "Sirte"}, {"id": 2102, "name": "Tripoli"}, {"id": 2103, "name": "Wadi al Hayaa"}, {"id": 2104, "name": "Wadi al Shatii"}, {"id": 2105, "name": "Zawiya"}, {"id": 2106, "name": "Az Zintan"}]}, {"id": 114, "name": "Madagascar", "iso_alpha2": "MG", "iso_alpha3": "MDG", "iso_numeric": "450", "states": [{"id": 2243, "name": "Antananarivo"}, {"id": 2244, "name": "Antsiranana"}, {"id": 2245, "name": "Fianarantsoa"}, {"id": 2246, "name": "Mahajanga"}, {"id": 2247, "name": "Toamasina"}, {"id": 2248, "name": "Toliara"}]}, {"id": 69, "name": "Malaysia", "iso_alpha2": "MY", "iso_alpha3": "MYS", "iso_numeric": "458", "states": [{"id": 1415, "name": "Johor"}, {"id": 1416, "name": "Kedah"}, {"id": 1417, "name": "Kelantan"}, {"id": 1418, "name": "Malacca"}, {"id": 1419, "name": "Negeri Sembilan"}, {"id": 1420, "name": "Pahang"}, {"id": 1421, "name": "Penang"}, {"id": 1422, "name": "Perak"}, {"id": 1423, "name": "Perlis"}, {"id": 1424, "name": "Selangor"}, {"id": 1425, "name": "Terengganu"}, {"id": 1426, "name": "Sabah"}, {"id": 1427, "name": "Sarawak"}, {"id": 1428, "name": "Kuala Lumpur"}, {"id": 1429, "name": "Labuan"}, {"id": 1430, "name": "Putrajaya"}]}, {"id": 3, "name": "Mexico", "iso_alpha2": "MX", "iso_alpha3": "MEX", "iso_numeric": "484", "states": [{"id": 65, "name": "Aguascalientes"}, {"id": 66, "name": "Baja California"}, {"id": 67, "name": "Baja California Sur"}, {"id": 68, "name": "Campeche"}, {"id": 69, "name": "Chiapas"}, {"id": 70, "name": "Chihuahua"}, {"id": 71, "name": "Coahuila"}, {"id": 72, "name": "Colima"}, {"id": 73, "name": "Durango"}, {"id": 74, "name": "Guanajuato"}, {"id": 75, "name": "Guerrero"}, {"id": 76, "name": "Hidalgo"}, {"id": 77, "name": "Jalisco"}, {"id": 78, "name": "Mexico"}, {"id": 79, "name": "Michoacán"}, {"id": 80, "name": "Morelos"}, {"id": 81, "name": "Nayarit"}, {"id": 82, "name": "Nuevo León"}, {"id": 83, "name": "Oaxaca"}, {"id": 84, "name": "Puebla"}, {"id": 85, "name": "Querétaro"}, {"id": 86, "name": "Quintana Roo"}, {"id": 87, "name": "San Luis Potosí"}, {"id": 88, "name": "Sinaloa"}, {"id": 89, "name": "Sonora"}, {"id": 90, "name": "Tabasco"}, {"id": 91, "name": "Tamaulipas"}, {"id": 92, "name": "Tlaxcala"}, {"id": 93, "name": "Veracruz"}, {"id": 94, "name": "Yucatán"}, {"id": 95, "name": "Zacatecas"}, {"id": 96, "name": "Mexico City"}]}, {"id": 101, "name": "Morocco", "iso_alpha2": "MA", "iso_alpha3": "MAR", "iso_numeric": "504", "states": [{"id": 1991, "name": "Béni Mellal-Khénifra"}, {"id": 1992, "name": "Casablanca-Settat"}, {"id": 1993, "name": "Dakhla-Oued Ed-Dahab"}, {"id": 1994, "name": "Drâa-Tafilalet"}, {"id": 1995, "name": "Fès-Meknès"}, {"id": 1996, "name": "Guelmim-Oued Noun"}, {"id": 1997, "name": "Laâyoune-Sakia El Hamra"}, {"id": 1998, "name": "Marrakech-Safi"}, {"id": 1999, "name": "Oriental"}, {"id": 2000, "name": "Rabat-Salé-Kénitra"}, {"id": 2001, "name": "Souss-Massa"}, {"id": 2002, "name": "Tanger-Tétouan-Al Hoceïma"}]}, {"id": 113, "name": "Mozambique", "iso_alpha2": "MZ", "iso_alpha3": "MOZ", "iso_numeric": "508", "states": [{"id": 2232, "name": "Cabo Delgado"}, {"id": 2233, "name": "Gaza"}, {"id": 2234, "name": "Inhambane"}, {"id": 2235, "name": "Manica"}, {"id": 2236, "name": "Maputo"}, {"id": 2237, "name": "Maputo City"}, {"id": 2238, "name": "Nampula"}, {"id": 2239, "name": "Niassa"}, {"id": 2240, "name": "Sofala"}, {"id": 2241, "name": "Tete"}, {"id": 2242, "name": "Zambézia"}]}, {"id": 76, "name": "Myanmar", "iso_alpha2": "MM", "iso_alpha3": "MMR", "iso_numeric": "104", "states": [{"id": 1500, "name": "Ayeyarwady Region"}, {"id": 1501, "name": "Bago Region"}, {"id": 1502, "name": "Chin State"}, {"id": 1503, "name": "Kachin State"}, {"id": 1504, "name": "Kayah State"}, {"id": 1505, "name": "Kayin State"}, {"id": 1506, "name": "Magway Region"}, {"id": 1507, "name": "Mandalay Region"}, {"id": 1508, "name": "Mon State"}, {"id": 1509, "name": "Naypyidaw"}, {"id": 1510, "name": "Rakhine State"}, {"id": 1511, "name": "Sagaing Region"}, {"id": 1512, "name": "Shan State"}, {"id": 1513, "name": "Tanintharyi Region"}, {"id": 1514, "name": "Yangon Region"}]}, {"id": 111, "name": "Namibia", "iso_alpha2": "NA", "iso_alpha3": "NAM", "iso_numeric": "516", "states": [{"id": 2200, "name": "Erongo"}, {"id": 2201, "name": "Hardap"}, {"id": 2202, "name": "Karas"}, {"id": 2203, "name": "Kavango East"}, {"id": 2204, "name": "Kavango West"}, {"id": 2205, "name": "Khomas"}, {"id": 2206, "name": "Kunene"}, {"id": 2207, "name": "Ohangwena"}, {"id": 2208, "name": "Omaheke"}, {"id": 2209, "name": "Omusati"}, {"id": 2210, "name": "Oshana"}, {"id": 2211, "name": "Oshikoto"}, {"id": 2212, "name": "Otjozondjupa"}, {"id": 2213, "name": "Zambezi"}]}, {"id": 79, "name": "Nepal", "iso_alpha2": "NP", "iso_alpha3": "NPL", "iso_numeric": "524", "states": [{"id": 1558, "name": "Koshi Province"}, {"id": 1559, "name": "Madhesh Province"}, {"id": 1560, "name": "Bagmati Province"}, {"id": 1561, "name": "Gandaki Province"}, {"id": 1562, "name": "Lumbini Province"}, {"id": 1563, "name": "Karnali Province"}, {"id": 1564, "name": "Sudurpashchim Province"}]}, {"id": 42, "name": "Netherlands", "iso_alpha2": "NL", "iso_alpha3": "NLD", "iso_numeric": "528", "states": [{"id": 727, "name": "Drenthe"}, {"id": 728, "name": "Flevoland"}, {"id": 729, "name": "Friesland"}, {"id": 730, "name": "Gelderland"}, {"id": 731, "name": "Groningen"}, {"id": 732, "name": "Limburg"}, {"id": 733, "name": "Noord-Brabant"}, {"id": 734, "name": "Noord-Holland"}, {"id": 735, "name": "Overijssel"}, {"id": 736, "name": "Utrecht"}, {"id": 737, "name": "Zeeland"}, {"id": 738, "name": "Zuid-Holland"}]}, {"id": 116, "name": "New Zealand", "iso_alpha2": "NZ", "iso_alpha3": "NZL", "iso_numeric": "554", "states": [{"id": 2257, "name": "Auckland"}, {"id": 2258, "name": "Bay of Plenty"}, {"id": 2259, "name": "Canterbury"}, {"id": 2260, "name": "Chatham Islands"}, {"id": 2261, "name": "Gisborne"}, {"id": 2262, "name": "Hawke's Bay"}, {"id": 2263, "name": "Manawatu-Wanganui"}, {"id": 2264, "name": "Marlborough"}, {"id": 2265, "name": "Nelson"}, {"id": 2266, "name": "Northland"}, {"id": 2267, "name": "Otago"}, {"id": 2268, "name": "Southland"}, {"id": 2269, "name": "Taranaki"}, {"id": 2270, "name": "Tasman"}, {"id": 2271, "name": "Waikato"}, {"id": 2272, "name": "Wellington"}, {"id": 2273, "name": "West Coast"}]}, {"id": 8, "name": "Nicaragua", "iso_alpha2": "NI", "iso_alpha3": "NIC", "iso_numeric": "558", "states": [{"id": 157, "name": "Boaco"}, {"id": 158, "name": "Carazo"}, {"id": 159, "name": "Chinandega"}, {"id": 160, "name": "Chontales"}, {"id": 161, "name": "Estelí"}, {"id": 162, "name": "Granada"}, {"id": 163, "name": "Jinotega"}, {"id": 164, "name": "León"}, {"id": 165, "name": "Madriz"}, {"id": 166, "name": "Managua"}, {"id": 167, "name": "Masaya"}, {"id": 168, "name": "Matagalpa"}, {"id": 169, "name": "Nueva Segovia"}, {"id": 170, "name": "Río San Juan"}, {"id": 171, "name": "Rivas"}, {"id": 172, "name": "North Caribbean Coast Autonomous Region"}, {"id": 173, "name": "South Caribbean Coast Autonomous Region"}]}, {"id": 96, "name": "Nigeria", "iso_alpha2": "NG", "iso_alpha3": "NGA", "iso_numeric": "566", "states": [{"id": 1851, "name": "Abia"}, {"id": 1852, "name": "Adamawa"}, {"id": 1853, "name": "Akwa Ibom"}, {"id": 1854, "name": "Anambra"}, {"id": 1855, "name": "Bauchi"}, {"id": 1856, "name": "Bayelsa"}, {"id": 1857, "name": "Benue"}, {"id": 1858, "name": "Borno"}, {"id": 1859, "name": "Cross River"}, {"id": 1860, "name": "Delta"}, {"id": 1861, "name": "Ebonyi"}, {"id": 1862, "name": "Edo"}, {"id": 1863, "name": "Ekiti"}, {"id": 1864, "name": "Enugu"}, {"id": 1865, "name": "Federal Capital Territory"}, {"id": 1866, "name": "Gombe"}, {"id": 1867, "name": "Imo"}, {"id": 1868, "name": "Jigawa"}, {"id": 1869, "name": "Kaduna"}, {"id": 1870, "name": "Kano"}, {"id": 1871, "name": "Katsina"}, {"id": 1872, "name": "Kebbi"}, {"id": 1873, "name": "Kogi"}, {"id": 1874, "name": "Kwara"}, {"id": 1875, "name": "Lagos"}, {"id": 1876, "name": "Nasarawa"}, {"id": 1877, "name": "Niger"}, {"id": 1878, "name": "Ogun"}, {"id": 1879, "name": "Ondo"}, {"id": 1880, "name": "Osun"}, {"id": 1881, "name": "Oyo"}, {"id": 1882, "name": "Plateau"}, {"id": 1883, "name": "Rivers"}, {"id": 1884, "name": "Sokoto"}, {"id": 1885, "name": "Taraba"}, {"id": 1886, "name": "Yobe"}, {"id": 1887, "name": "Zamfara"}]}, {"id": 47, "name": "Norway", "iso_alpha2": "NO", "iso_alpha3": "NOR", "iso_numeric": "578", "states": [{"id": 801, "name": "Agder"}, {"id": 802, "name": "Innlandet"}, {"id": 803, "name": "Møre og Romsdal"}, {"id": 804, "name": "Nordland"}, {"id": 805, "name": "Oslo"}, {"id": 806, "name": "Rogaland"}, {"id": 807, "name": "Troms og Finnmark"}, {"id": 808, "name": "Trøndelag"}, {"id": 809, "name": "Vestfold og Telemark"}, {"id": 810, "name": "Vestland"}, {"id": 811, "name": "Viken"}]}, {"id": 93, "name": "Oman", "iso_alpha2": "OM", "iso_alpha3": "OMN", "iso_numeric": "512", "states": [{"id": 1809, "name": "Ad Dakhiliyah"}, {"id": 1810, "name": "Ad Dhahirah"}, {"id": 1811, "name": "Al Batinah North"}, {"id": 1812, "name": "Al Batinah South"}, {"id": 1813, "name": "Al Buraymi"}, {"id": 1814, "name": "Al Wusta"}, {"id": 1815, "name": "Ash Sharqiyah North"}, {"id": 1816, "name": "Ash Sharqiyah South"}, {"id": 1817, "name": "Dhofar"}, {"id": 1818, "name": "Muscat"}, {"id": 1819, "name": "Musandam"}]}, {"id": 73, "name": "Pakistan", "iso_alpha2": "PK", "iso_alpha3": "PAK", "iso_numeric": "586", "states": [{"id": 1476, "name": "Balochistan"}, {"id": 1477, "name": "Khyber Pakhtunkhwa"}, {"id": 1478, "name": "Punjab"}, {"id": 1479, "name": "Sindh"}, {"id": 1480, "name": "Gilgit-Baltistan"}, {"id": 1481, "name": "Azad Kashmir"}, {"id": 1482, "name": "Islamabad Capital Territory"}]}, {"id": 10, "name": "Panama", "iso_alpha2": "PA", "iso_alpha3": "PAN", "iso_numeric": "591", "states": [{"id": 181, "name": "Bocas del Toro"}, {"id": 182, "name": "Chiriquí"}, {"id": 183, "name": "Coclé"}, {"id": 184, "name": "Colón"}, {"id": 185, "name": "Darién"}, {"id": 186, "name": "Herrera"}, {"id": 187, "name": "Los Santos"}, {"id": 188, "name": "Panamá"}, {"id": 189, "name": "Panamá Oeste"}, {"id": 190, "name": "Veraguas"}, {"id": 191, "name": "Embera-Wounaan"}, {"id": 192, "name": "Guna Yala"}, {"id": 193, "name": "Madungandí"}, {"id": 194, "name": "Ngäbe-Buglé"}, {"id": 195, "name": "Wargandí"}]}, {"id": 118, "name": "Papua New Guinea", "iso_alpha2": "PG", "iso_alpha3": "PNG", "iso_numeric": "598", "states": [{"id": 2292, "name": "Islands Region"}, {"id": 2293, "name": "Highlands Region"}, {"id": 2294, "name": "Momase Region"}, {"id": 2295, "name": "Papua Region"}, {"id": 2296, "name": "Bougainville"}, {"id": 2297, "name": "Central"}, {"id": 2298, "name": "Chimbu"}, {"id": 2299, "name": "Eastern Highlands"}, {"id": 2300, "name": "East New Britain"}, {"id": 2301, "name": "East Sepik"}, {"id": 2302, "name": "Enga"}, {"id": 2303, "name": "Gulf"}, {"id": 2304, "name": "Hela"}, {"id": 2305, "name": "Jiwaka"}, {"id": 2306, "name": "Madang"}, {"id": 2307, "name": "Manus"}, {"id": 2308, "name": "Milne Bay"}, {"id": 2309, "name": "Morobe"}, {"id": 2310, "name": "National Capital District"}, {"id": 2311, "name": "New Ireland"}, {"id": 2312, "name": "Oro"}, {"id": 2313, "name": "Southern Highlands"}, {"id": 2314, "name": "Western"}, {"id": 2315, "name": "Western Highlands"}, {"id": 2316, "name": "West New Britain"}, {"id": 2317, "name": "West Sepik"}]}, {"id": 33, "name": "Paraguay", "iso_alpha2": "PY", "iso_alpha3": "PRY", "iso_numeric": "600", "states": [{"id": 593, "name": "Alto Paraguay"}, {"id": 594, "name": "Alto Paraná"}, {"id": 595, "name": "Amambay"}, {"id": 596, "name": "Asunción"}, {"id": 597, "name": "Boquerón"}, {"id": 598, "name": "Caaguazú"}, {"id": 599, "name": "Caazapá"}, {"id": 600, "name": "Canindeyú"}, {"id": 601, "name": "Central"}, {"id": 602, "name": "Concepción"}, {"id": 603, "name": "Cordillera"}, {"id": 604, "name": "Guairá"}, {"id": 605, "name": "Itapúa"}, {"id": 606, "name": "Misiones"}, {"id": 607, "name": "Ñeembucú"}, {"id": 608, "name": "Paraguarí"}, {"id": 609, "name": "Presidente Hayes"}, {"id": 610, "name": "San Pedro"}]}, {"id": 29, "name": "Peru", "iso_alpha2": "PE", "iso_alpha3": "PER", "iso_numeric": "604", "states": [{"id": 510, "name": "Amazonas"}, {"id": 511, "name": "Áncash"}, {"id": 512, "name": "Apurímac"}, {"id": 513, "name": "Arequipa"}, {"id": 514, "name": "Ayacucho"}, {"id": 515, "name": "Cajamarca"}, {"id": 516, "name": "Callao"}, {"id": 517, "name": "Cusco"}, {"id": 518, "name": "Huancavelica"}, {"id": 519, "name": "Huánuco"}, {"id": 520, "name": "Ica"}, {"id": 521, "name": "Junín"}, {"id": 522, "name": "La Libertad"}, {"id": 523, "name": "Lambayeque"}, {"id": 524, "name": "Lima"}, {"id": 525, "name": "Loreto"}, {"id": 526, "name": "Madre de Dios"}, {"id": 527, "name": "Moquegua"}, {"id": 528, "name": "Pasco"}, {"id": 529, "name": "Piura"}, {"id": 530, "name": "Puno"}, {"id": 531, "name": "San Martín"}, {"id": 532, "name": "Tacna"}, {"id": 533, "name": "Tumbes"}, {"id": 534, "name": "Ucayali"}]}, {"id": 68, "name": "Philippines", "iso_alpha2": "PH", "iso_alpha3": "PHL", "iso_numeric": "608", "states": [{"id": 1398, "name": "Ilocos Region"}, {"id": 1399, "name": "Cagayan Valley"}, {"id": 1400, "name": "Central Luzon"}, {"id": 1401, "name": "Calabarzon"}, {"id": 1402, "name": "Mimaropa"}, {"id": 1403, "name": "Bicol Region"}, {"id": 1404, "name": "Western Visayas"}, {"id": 1405, "name": "Central Visayas"}, {"id": 1406, "name": "Eastern Visayas"}, {"id": 1407, "name": "Zamboanga Peninsula"}, {"id": 1408, "name": "Northern Mindanao"}, {"id": 1409, "name": "Davao Region"}, {"id": 1410, "name": "Soccsksargen"}, {"id": 1411, "name": "Caraga"}, {"id": 1412, "name": "National Capital Region"}, {"id": 1413, "name": "Cordillera Administrative Region"}, {"id": 1414, "name": "Bangsamoro"}]}, {"id": 52, "name": "Poland", "iso_alpha2": "PL", "iso_alpha3": "POL", "iso_numeric": "616", "states": [{"id": 869, "name": "Greater Poland"}, {"id": 870, "name": "Kuyavian-Pomeranian"}, {"id": 871, "name": "Lesser Poland"}, {"id": 872, "name": "Łódź"}, {"id": 873, "name": "Lower Silesian"}, {"id": 874, "name": "Lublin"}, {"id": 875, "name": "Lubusz"}, {"id": 876, "name": "Masovian"}, {"id": 877, "name": "Opole"}, {"id": 878, "name": "Podlaskie"}, {"id": 879, "name": "Pomeranian"}, {"id": 880, "name": "Silesian"}, {"id": 881, "name": "Subcarpathian"}, {"id": 882, "name": "Świętokrzyskie"}, {"id": 883, "name": "Warmian-Masurian"}, {"id": 884, "name": "West Pomeranian"}]}, {"id": 50, "name": "Portugal", "iso_alpha2": "PT", "iso_alpha3": "PRT", "iso_numeric": "620", "states": [{"id": 836, "name": "Aveiro"}, {"id": 837, "name": "Beja"}, {"id": 838, "name": "Braga"}, {"id": 839, "name": "Bragança"}, {"id": 840, "name": "Castelo Branco"}, {"id": 841, "name": "Coimbra"}, {"id": 842, "name": "Évora"}, {"id": 843, "name": "Faro"}, {"id": 844, "name": "Guarda"}, {"id": 845, "name": "Leiria"}, {"id": 846, "name": "Lisboa"}, {"id": 847, "name": "Portalegre"}, {"id": 848, "name": "Porto"}, {"id": 849, "name": "Santarém"}, {"id": 850, "name": "Setúbal"}, {"id": 851, "name": "Viana do Castelo"}, {"id": 852, "name": "Vila Real"}, {"id": 853, "name": "Viseu"}, {"id": 854, "name": "Azores"}, {"id": 855, "name": "Madeira"}]}, {"id": 15, "name": "Puerto Rico", "iso_alpha2": "PR", "iso_alpha3": "PRI", "iso_numeric": "630", "states": [{"id": 268, "name": "Adjuntas"}, {"id": 269, "name": "Aguada"}, {"id": 270, "name": "Aguadilla"}, {"id": 271, "name": "Aguas Buenas"}, {"id": 272, "name": "Aibonito"}, {"id": 273, "name": "Arecibo"}, {"id": 274, "name": "Bayamón"}, {"id": 275, "name": "Cabo Rojo"}, {"id": 276, "name": "Caguas"}, {"id": 277, "name": "Camuy"}, {"id": 278, "name": "Canovanas"}, {"id": 279, "name": "Carolina"}, {"id": 280, "name": "Cayey"}, {"id": 281, "name": "Cidra"}, {"id": 282, "name": "Dorado"}, {"id": 283, "name": "Fajardo"}, {"id": 284, "name": "Guaynabo"}, {"id": 285, "name": "Humacao"}, {"id": 286, "name": "Isabela"}, {"id": 287, "name": "Mayagüez"}, {"id": 288, "name": "Ponce"}, {"id": 289, "name": "San Juan"}, {"id": 290, "name": "San Sebastián"}, {"id": 291, "name": "Toa Alta"}, {"id": 292, "name": "Toa Baja"}, {"id": 293, "name": "Trujillo Alto"}, {"id": 294, "name": "Vega Alta"}, {"id": 295, "name": "Vega Baja"}]}, {"id": 91, "name": "Qatar", "iso_alpha2": "QA", "iso_alpha3": "QAT", "iso_numeric": "634", "states": [{"id": 1796, "name": "Ad Dawhah"}, {"id": 1797, "name": "Al Khor"}, {"id": 1798, "name": "Al Rayyan"}, {"id": 1799, "name": "Al Wakrah"}, {"id": 1800, "name": "Ash Shamal"}, {"id": 1801, "name": "Az Za'ayin"}, {"id": 1802, "name": "Umm Salal"}, {"id": 1803, "name": "Al Daayen"}]}, {"id": 55, "name": "Romania", "iso_alpha2": "RO", "iso_alpha3": "ROU", "iso_numeric": "642", "states": [{"id": 919, "name": "Alba"}, {"id": 920, "name": "Arad"}, {"id": 921, "name": "Argeș"}, {"id": 922, "name": "Bacău"}, {"id": 923, "name": "Bihor"}, {"id": 924, "name": "Bistrița-Năsăud"}, {"id": 925, "name": "Botoșani"}, {"id": 926, "name": "Brașov"}, {"id": 927, "name": "Brăila"}, {"id": 928, "name": "Bucharest"}, {"id": 929, "name": "Buzău"}, {"id": 930, "name": "Caraș-Severin"}, {"id": 931, "name": "Călărași"}, {"id": 932, "name": "Cluj"}, {"id": 933, "name": "Constanța"}, {"id": 934, "name": "Covasna"}, {"id": 935, "name": "Dâmbovița"}, {"id": 936, "name": "Dolj"}, {"id": 937, "name": "Galați"}, {"id": 938, "name": "Giurgiu"}, {"id": 939, "name": "Gorj"}, {"id": 940, "name": "Harghita"}, {"id": 941, "name": "Hunedoara"}, {"id": 942, "name": "Ialomița"}, {"id": 943, "name": "Iași"}, {"id": 944, "name": "Ilfov"}, {"id": 945, "name": "Maramureș"}, {"id": 946, "name": "Mehedinți"}, {"id": 947, "name": "Mureș"}, {"id": 948, "name": "Neamț"}, {"id": 949, "name": "Olt"}, {"id": 950, "name": "Prahova"}, {"id": 951, "name": "Sălaj"}, {"id": 952, "name": "Satu Mare"}, {"id": 953, "name": "Sibiu"}, {"id": 954, "name": "Suceava"}, {"id": 955, "name": "Teleorman"}, {"id": 956, "name": "Timiș"}, {"id": 957, "name": "Tulcea"}, {"id": 958, "name": "Vaslui"}, {"id": 959, "name": "Vâlcea"}, {"id": 960, "name": "Vrancea"}]}, {"id": 60, "name": "Russia", "iso_alpha2": "RU", "iso_alpha3": "RUS", "iso_numeric": "643", "states": [{"id": 1057, "name": "Moscow"}, {"id": 1058, "name": "Saint Petersburg"}, {"id": 1059, "name": "Moscow Oblast"}, {"id": 1060, "name": "Krasnodar Krai"}, {"id": 1061, "name": "Rostov Oblast"}, {"id": 1062, "name": "Sverdlovsk Oblast"}, {"id": 1063, "name": "Novosibirsk Oblast"}, {"id": 1064, "name": "Nizhny Novgorod Oblast"}, {"id": 1065, "name": "Chelyabinsk Oblast"}, {"id": 1066, "name": "Samara Oblast"}, {"id": 1067, "name": "Republic of Tatarstan"}, {"id": 1068, "name": "Perm Krai"}, {"id": 1069, "name": "Krasnoyarsk Krai"}, {"id": 1070, "name": "Volgograd Oblast"}, {"id": 1071, "name": "Saratov Oblast"}, {"id": 1072, "name": "Republic of Bashkortostan"}, {"id": 1073, "name": "Voronezh Oblast"}, {"id": 1074, "name": "Omsk Oblast"}, {"id": 1075, "name": "Kemerovo Oblast"}, {"id": 1076, "name": "Irkutsk Oblast"}, {"id": 1077, "name": "Tula Oblast"}, {"id": 1078, "name": "Leningrad Oblast"}, {"id": 1079, "name": "Stavropol Krai"}, {"id": 1080, "name": "Altai Krai"}, {"id": 1081, "name": "Primorsky Krai"}, {"id": 1082, "name": "Khabarovsk Krai"}, {"id": 1083, "name": "Kaliningrad Oblast"}, {"id": 1084, "name": "Yaroslavl Oblast"}, {"id": 1085, "name": "Tyumen Oblast"}, {"id": 1086, "name": "Bryansk Oblast"}]}, {"id": 24, "name": "Saint Kitts and Nevis", "iso_alpha2": "KN", "iso_alpha3": "KNA", "iso_numeric": "659", "states": [{"id": 396, "name": "Christ Church Nichola Town"}, {"id": 397, "name": "Saint Anne Sandy Point"}, {"id": 398, "name": "Saint George Basseterre"}, {"id": 399, "name": "Saint George Gingerland"}, {"id": 400, "name": "Saint James Windward"}, {"id": 401, "name": "Saint John Capesterre"}, {"id": 402, "name": "Saint John Figtree"}, {"id": 403, "name": "Saint Mary Cayon"}, {"id": 404, "name": "Saint Paul Capesterre"}, {"id": 405, "name": "Saint Paul Charlestown"}, {"id": 406, "name": "Saint Peter Basseterre"}, {"id": 407, "name": "Saint Thomas Lowland"}, {"id": 408, "name": "Saint Thomas Middle Island"}, {"id": 409, "name": "Trinity Palmetto Point"}]}, {"id": 19, "name": "Saint Lucia", "iso_alpha2": "LC", "iso_alpha3": "LCA", "iso_numeric": "662", "states": [{"id": 354, "name": "Anse la Raye"}, {"id": 355, "name": "Canaries"}, {"id": 356, "name": "Castries"}, {"id": 357, "name": "Choiseul"}, {"id": 358, "name": "Dennery"}, {"id": 359, "name": "Gros Islet"}, {"id": 360, "name": "Laborie"}, {"id": 361, "name": "Micoud"}, {"id": 362, "name": "Praslin"}, {"id": 363, "name": "Soufrière"}, {"id": 364, "name": "Vieux Fort"}]}, {"id": 21, "name": "Saint Vincent and the Grenadines", "iso_alpha2": "VC", "iso_alpha3": "VCT", "iso_numeric": "670", "states": [{"id": 372, "name": "Charlotte"}, {"id": 373, "name": "Grenadines"}, {"id": 374, "name": "Saint Andrew"}, {"id": 375, "name": "Saint David"}, {"id": 376, "name": "Saint George"}, {"id": 377, "name": "Saint Patrick"}]}, {"id": 84, "name": "Saudi Arabia", "iso_alpha2": "SA", "iso_alpha3": "SAU", "iso_numeric": "682", "states": [{"id": 1730, "name": "Al Bahah"}, {"id": 1731, "name": "Al Hudud ash Shamaliyah"}, {"id": 1732, "name": "Al Jawf"}, {"id": 1733, "name": "Al Madinah"}, {"id": 1734, "name": "Al Qasim"}, {"id": 1735, "name": "Ar Riyad"}, {"id": 1736, "name": "Ash Sharqiyah"}, {"id": 1737, "name": "Asir"}, {"id": 1738, "name": "Hail"}, {"id": 1739, "name": "Jazan"}, {"id": 1740, "name": "Makkah"}, {"id": 1741, "name": "Najran"}, {"id": 1742, "name": "Tabuk"}]}, {"id": 58, "name": "Serbia", "iso_alpha2": "RS", "iso_alpha3": "SRB", "iso_numeric": "688", "states": [{"id": 1010, "name": "Belgrade"}, {"id": 1011, "name": "Vojvodina"}, {"id": 1012, "name": "Kosovo"}, {"id": 1013, "name": "Bor"}, {"id": 1014, "name": "Braničevo"}, {"id": 1015, "name": "Jablanica"}, {"id": 1016, "name": "Kolubara"}, {"id": 1017, "name": "Mačva"}, {"id": 1018, "name": "Moravica"}, {"id": 1019, "name": "Nišava"}, {"id": 1020, "name": "Pčinja"}, {"id": 1021, "name": "Pirot"}, {"id": 1022, "name": "Podunavlje"}, {"id": 1023, "name": "Pomoravlje"}, {"id": 1024, "name": "Rasina"}, {"id": 1025, "name": "Raška"}, {"id": 1026, "name": "Šumadija"}, {"id": 1027, "name": "Toplica"}, {"id": 1028, "name": "Zaječar"}, {"id": 1029, "name": "Zlatibor"}]}, {"id": 70, "name": "Singapore", "iso_alpha2": "SG", "iso_alpha3": "SGP", "iso_numeric": "702", "states": [{"id": 1431, "name": "Central Region"}, {"id": 1432, "name": "East Region"}, {"id": 1433, "name": "North Region"}, {"id": 1434, "name": "North-East Region"}, {"id": 1435, "name": "West Region"}]}, {"id": 95, "name": "South Africa", "iso_alpha2": "ZA", "iso_alpha3": "ZAF", "iso_numeric": "710", "states": [{"id": 1842, "name": "Eastern Cape"}, {"id": 1843, "name": "Free State"}, {"id": 1844, "name": "Gauteng"}, {"id": 1845, "name": "KwaZulu-Natal"}, {"id": 1846, "name": "Limpopo"}, {"id": 1847, "name": "Mpumalanga"}, {"id": 1848, "name": "Northern Cape"}, {"id": 1849, "name": "North West"}, {"id": 1850, "name": "Western Cape"}]}, {"id": 63, "name": "South Korea", "iso_alpha2": "KR", "iso_alpha3": "KOR", "iso_numeric": "410", "states": [{"id": 1168, "name": "Busan"}, {"id": 1169, "name": "Chungcheongbuk-do"}, {"id": 1170, "name": "Chungcheongnam-do"}, {"id": 1171, "name": "Daegu"}, {"id": 1172, "name": "Daejeon"}, {"id": 1173, "name": "Gangwon-do"}, {"id": 1174, "name": "Gwangju"}, {"id": 1175, "name": "Gyeonggi-do"}, {"id": 1176, "name": "Gyeongsangbuk-do"}, {"id": 1177, "name": "Gyeongsangnam-do"}, {"id": 1178, "name": "Incheon"}, {"id": 1179, "name": "Jeju"}, {"id": 1180, "name": "Jeollabuk-do"}, {"id": 1181, "name": "Jeollanam-do"}, {"id": 1182, "name": "Sejong"}, {"id": 1183, "name": "Seoul"}, {"id": 1184, "name": "Ulsan"}]}, {"id": 41, "name": "Spain", "iso_alpha2": "ES", "iso_alpha3": "ESP", "iso_numeric": "724", "states": [{"id": 708, "name": "Andalucía"}, {"id": 709, "name": "Aragón"}, {"id": 710, "name": "Asturias"}, {"id": 711, "name": "Baleares"}, {"id": 712, "name": "Canarias"}, {"id": 713, "name": "Cantabria"}, {"id": 714, "name": "Castilla-La Mancha"}, {"id": 715, "name": "Castilla y León"}, {"id": 716, "name": "Cataluña"}, {"id": 717, "name": "Ceuta"}, {"id": 718, "name": "Extremadura"}, {"id": 719, "name": "Galicia"}, {"id": 720, "name": "La Rioja"}, {"id": 721, "name": "Madrid"}, {"id": 722, "name": "Melilla"}, {"id": 723, "name": "Murcia"}, {"id": 724, "name": "Navarra"}, {"id": 725, "name": "País Vasco"}, {"id": 726, "name": "Valencia"}]}, {"id": 75, "name": "Sri Lanka", "iso_alpha2": "LK", "iso_alpha3": "LKA", "iso_numeric": "144", "states": [{"id": 1491, "name": "Central Province"}, {"id": 1492, "name": "Eastern Province"}, {"id": 1493, "name": "North Central Province"}, {"id": 1494, "name": "North Western Province"}, {"id": 1495, "name": "Northern Province"}, {"id": 1496, "name": "Sabaragamuwa Province"}, {"id": 1497, "name": "Southern Province"}, {"id": 1498, "name": "Uva Province"}, {"id": 1499, "name": "Western Province"}]}, {"id": 105, "name": "Sudan", "iso_alpha2": "SD", "iso_alpha3": "SDN", "iso_numeric": "729", "states": [{"id": 2107, "name": "Blue Nile"}, {"id": 2108, "name": "Central Darfur"}, {"id": 2109, "name": "East Darfur"}, {"id": 2110, "name": "Gedaref"}, {"id": 2111, "name": "Gezira"}, {"id": 2112, "name": "Kassala"}, {"id": 2113, "name": "Khartoum"}, {"id": 2114, "name": "North Darfur"}, {"id": 2115, "name": "North Kordofan"}, {"id": 2116, "name": "Northern"}, {"id": 2117, "name": "Red Sea"}, {"id": 2118, "name": "River Nile"}, {"id": 2119, "name": "Sennar"}, {"id": 2120, "name": "South Darfur"}, {"id": 2121, "name": "South Kordofan"}, {"id": 2122, "name": "West Darfur"}, {"id": 2123, "name": "West Kordofan"}, {"id": 2124, "name": "White Nile"}]}, {"id": 36, "name": "Suriname", "iso_alpha2": "SR", "iso_alpha3": "SUR", "iso_numeric": "740", "states": [{"id": 640, "name": "Brokopondo"}, {"id": 641, "name": "Commewijne"}, {"id": 642, "name": "Coronie"}, {"id": 643, "name": "Marowijne"}, {"id": 644, "name": "Nickerie"}, {"id": 645, "name": "Para"}, {"id": 646, "name": "Paramaribo"}, {"id": 647, "name": "Saramacca"}, {"id": 648, "name": "Sipaliwini"}, {"id": 649, "name": "Wanica"}]}, {"id": 46, "name": "Sweden", "iso_alpha2": "SE", "iso_alpha3": "SWE", "iso_numeric": "752", "states": [{"id": 780, "name": "Blekinge"}, {"id": 781, "name": "Dalarna"}, {"id": 782, "name": "Gävleborg"}, {"id": 783, "name": "Gotland"}, {"id": 784, "name": "Halland"}, {"id": 785, "name": "Jämtland"}, {"id": 786, "name": "Jönköping"}, {"id": 787, "name": "Kalmar"}, {"id": 788, "name": "Kronoberg"}, {"id": 789, "name": "Norrbotten"}, {"id": 790, "name": "Örebro"}, {"id": 791, "name": "Östergötland"}, {"id": 792, "name": "Skåne"}, {"id": 793, "name": "Södermanland"}, {"id": 794, "name": "Stockholm"}, {"id": 795, "name": "Uppsala"}, {"id": 796, "name": "Värmland"}, {"id": 797, "name": "Västerbotten"}, {"id": 798, "name": "Västernorrland"}, {"id": 799, "name": "Västmanland"}, {"id": 800, "name": "Västra Götaland"}]}, {"id": 44, "name": "Switzerland", "iso_alpha2": "CH", "iso_alpha3": "CHE", "iso_numeric": "756", "states": [{"id": 745, "name": "Aargau"}, {"id": 746, "name": "Appenzell Ausserrhoden"}, {"id": 747, "name": "Appenzell Innerrhoden"}, {"id": 748, "name": "Basel-Landschaft"}, {"id": 749, "name": "Basel-Stadt"}, {"id": 750, "name": "Bern"}, {"id": 751, "name": "Fribourg"}, {"id": 752, "name": "Geneva"}, {"id": 753, "name": "Glarus"}, {"id": 754, "name": "Grisons"}, {"id": 755, "name": "Jura"}, {"id": 756, "name": "Lucerne"}, {"id": 757, "name": "Neuchâtel"}, {"id": 758, "name": "Nidwalden"}, {"id": 759, "name": "Obwalden"}, {"id": 760, "name": "Schaffhausen"}, {"id": 761, "name": "Schwyz"}, {"id": 762, "name": "Solothurn"}, {"id": 763, "name": "St. Gallen"}, {"id": 764, "name": "Thurgau"}, {"id": 765, "name": "Ticino"}, {"id": 766, "name": "Uri"}, {"id": 767, "name": "Valais"}, {"id": 768, "name": "Vaud"}, {"id": 769, "name": "Zug"}, {"id": 770, "name": "Zurich"}]}, {"id": 89, "name": "Syria", "iso_alpha2": "SY", "iso_alpha3": "SYR", "iso_numeric": "760", "states": [{"id": 1776, "name": "Aleppo"}, {"id": 1777, "name": "As-Suwayda"}, {"id": 1778, "name": "Damascus"}, {"id": 1779, "name": "Daraa"}, {"id": 1780, "name": "Deir ez-Zor"}, {"id": 1781, "name": "Hama"}, {"id": 1782, "name": "Hasaka"}, {"id": 1783, "name": "Homs"}, {"id": 1784, "name": "Idlib"}, {"id": 1785, "name": "Latakia"}, {"id": 1786, "name": "Quneitra"}, {"id": 1787, "name": "Raqqa"}, {"id": 1788, "name": "Rif Dimashq"}, {"id": 1789, "name": "Tartus"}]}, {"id": 71, "name": "Taiwan", "iso_alpha2": "TW", "iso_alpha3": "TWN", "iso_numeric": "158", "states": [{"id": 1436, "name": "Changhua County"}, {"id": 1437, "name": "Chiayi City"}, {"id": 1438, "name": "Chiayi County"}, {"id": 1439, "name": "Hsinchu City"}, {"id": 1440, "name": "Hsinchu County"}, {"id": 1441, "name": "Hualien County"}, {"id": 1442, "name": "Kaohsiung"}, {"id": 1443, "name": "Keelung"}, {"id": 1444, "name": "Kinmen County"}, {"id": 1445, "name": "Lienchiang County"}, {"id": 1446, "name": "Miaoli County"}, {"id": 1447, "name": "Nantou County"}, {"id": 1448, "name": "New Taipei"}, {"id": 1449, "name": "Penghu County"}, {"id": 1450, "name": "Pingtung County"}, {"id": 1451, "name": "Taichung"}, {"id": 1452, "name": "Tainan"}, {"id": 1453, "name": "Taipei"}, {"id": 1454, "name": "Taitung County"}, {"id": 1455, "name": "Taoyuan"}, {"id": 1456, "name": "Yilan County"}, {"id": 1457, "name": "Yunlin County"}]}, {"id": 107, "name": "Tanzania", "iso_alpha2": "TZ", "iso_alpha3": "TZA", "iso_numeric": "834", "states": [{"id": 2139, "name": "Arusha"}, {"id": 2140, "name": "Dar es Salaam"}, {"id": 2141, "name": "Dodoma"}, {"id": 2142, "name": "Geita"}, {"id": 2143, "name": "Iringa"}, {"id": 2144, "name": "Kagera"}, {"id": 2145, "name": "Katavi"}, {"id": 2146, "name": "Kigoma"}, {"id": 2147, "name": "Kilimanjaro"}, {"id": 2148, "name": "Lindi"}, {"id": 2149, "name": "Manyara"}, {"id": 2150, "name": "Mara"}, {"id": 2151, "name": "Mbeya"}, {"id": 2152, "name": "Morogoro"}, {"id": 2153, "name": "Mtwara"}, {"id": 2154, "name": "Mwanza"}, {"id": 2155, "name": "Njombe"}, {"id": 2156, "name": "Pwani"}, {"id": 2157, "name": "Rukwa"}, {"id": 2158, "name": "Ruvuma"}, {"id": 2159, "name": "Shinyanga"}, {"id": 2160, "name": "Simiyu"}, {"id": 2161, "name": "Singida"}, {"id": 2162, "name": "Songwe"}, {"id": 2163, "name": "Tabora"}, {"id": 2164, "name": "Tanga"}, {"id": 2165, "name": "Pemba North"}, {"id": 2166, "name": "Pemba South"}, {"id": 2167, "name": "Unguja North"}, {"id": 2168, "name": "Unguja South"}, {"id": 2169, "name": "Unguja West"}]}, {"id": 66, "name": "Thailand", "iso_alpha2": "TH", "iso_alpha3": "THA", "iso_numeric": "764", "states": [{"id": 1259, "name": "Amnat Charoen"}, {"id": 1260, "name": "Ang Thong"}, {"id": 1261, "name": "Bangkok"}, {"id": 1262, "name": "Bueng Kan"}, {"id": 1263, "name": "Buri Ram"}, {"id": 1264, "name": "Chachoengsao"}, {"id": 1265, "name": "Chai Nat"}, {"id": 1266, "name": "Chaiyaphum"}, {"id": 1267, "name": "Chanthaburi"}, {"id": 1268, "name": "Chiang Mai"}, {"id": 1269, "name": "Chiang Rai"}, {"id": 1270, "name": "Chon Buri"}, {"id": 1271, "name": "Chumphon"}, {"id": 1272, "name": "Kalasin"}, {"id": 1273, "name": "Kamphaeng Phet"}, {"id": 1274, "name": "Kanchanaburi"}, {"id": 1275, "name": "Khon Kaen"}, {"id": 1276, "name": "Krabi"}, {"id": 1277, "name": "Lampang"}, {"id": 1278, "name": "Lamphun"}, {"id": 1279, "name": "Loei"}, {"id": 1280, "name": "Lop Buri"}, {"id": 1281, "name": "Mae Hong Son"}, {"id": 1282, "name": "Maha Sarakham"}, {"id": 1283, "name": "Mukdahan"}, {"id": 1284, "name": "Nakhon Nayok"}, {"id": 1285, "name": "Nakhon Pathom"}, {"id": 1286, "name": "Nakhon Phanom"}, {"id": 1287, "name": "Nakhon Ratchasima"}, {"id": 1288, "name": "Nakhon Sawan"}, {"id": 1289, "name": "Nakhon Si Thammarat"}, {"id": 1290, "name": "Nan"}, {"id": 1291, "name": "Narathiwat"}, {"id": 1292, "name": "Nong Bua Lamphu"}, {"id": 1293, "name": "Nong Khai"}, {"id": 1294, "name": "Nonthaburi"}, {"id": 1295, "name": "Pathum Thani"}, {"id": 1296, "name": "Pattani"}, {"id": 1297, "name": "Phangnga"}, {"id": 1298, "name": "Phatthalung"}, {"id": 1299, "name": "Phayao"}, {"id": 1300, "name": "Phetchabun"}, {"id": 1301, "name": "Phetchaburi"}, {"id": 1302, "name": "Phichit"}, {"id": 1303, "name": "Phitsanulok"}, {"id": 1304, "name": "Phrae"}, {"id": 1305, "name": "Phuket"}, {"id": 1306, "name": "Prachin Buri"}, {"id": 1307, "name": "Prachuap Khiri Khan"}, {"id": 1308, "name": "Ranong"}, {"id": 1309, "name": "Ratchaburi"}, {"id": 1310, "name": "Rayong"}, {"id": 1311, "name": "Roi Et"}, {"id": 1312, "name": "Sa Kaeo"}, {"id": 1313, "name": "Sakon Nakhon"}, {"id": 1314, "name": "Samut Prakan"}, {"id": 1315, "name": "Samut Sakhon"}, {"id": 1316, "name": "Samut Songkhram"}, {"id": 1317, "name": "Saraburi"}, {"id": 1318, "name": "Satun"}, {"id": 1319, "name": "Sing Buri"}, {"id": 1320, "name": "Sisaket"}, {"id": 1321, "name": "Songkhla"}, {"id": 1322, "name": "Sukhothai"}, {"id": 1323, "name": "Suphan Buri"}, {"id": 1324, "name": "Surat Thani"}, {"id": 1325, "name": "Surin"}, {"id": 1326, "name": "Tak"}, {"id": 1327, "name": "Trang"}, {"id": 1328, "name": "Trat"}, {"id": 1329, "name": "Ubon Ratchathani"}, {"id": 1330, "name": "Udon Thani"}, {"id": 1331, "name": "Uthai Thani"}, {"id": 1332, "name": "Uttaradit"}, {"id": 1333, "name": "Yala"}, {"id": 1334, "name": "Yasothon"}]}, {"id": 16, "name": "Trinidad and Tobago", "iso_alpha2": "TT", "iso_alpha3": "TTO", "iso_numeric": "780", "states": [{"id": 296, "name": "Couva-Tabaquite-Talparo"}, {"id": 297, "name": "Diego Martin"}, {"id": 298, "name": "Eastern Tobago"}, {"id": 299, "name": "Mayaro-Rio Claro"}, {"id": 300, "name": "Penal-Debe"}, {"id": 301, "name": "Princes Town"}, {"id": 302, "name": "San Juan-Laventille"}, {"id": 303, "name": "Sangre Grande"}, {"id": 304, "name": "Siparia"}, {"id": 305, "name": "Tunapuna-Piarco"}, {"id": 306, "name": "Western Tobago"}, {"id": 307, "name": "Arima"}, {"id": 308, "name": "Chaguanas"}, {"id": 309, "name": "Point Fortin"}, {"id": 310, "name": "Port of Spain"}, {"id": 311, "name": "San Fernando"}]}, {"id": 103, "name": "Tunisia", "iso_alpha2": "TN", "iso_alpha3": "TUN", "iso_numeric": "788", "states": [{"id": 2061, "name": "Ariana"}, {"id": 2062, "name": "Béja"}, {"id": 2063, "name": "Ben Arous"}, {"id": 2064, "name": "Bizerte"}, {"id": 2065, "name": "Gabès"}, {"id": 2066, "name": "Gafsa"}, {"id": 2067, "name": "Jendouba"}, {"id": 2068, "name": "Kairouan"}, {"id": 2069, "name": "Kasserine"}, {"id": 2070, "name": "Kebili"}, {"id": 2071, "name": "Kef"}, {"id": 2072, "name": "Mahdia"}, {"id": 2073, "name": "Manouba"}, {"id": 2074, "name": "Medenine"}, {"id": 2075, "name": "Monastir"}, {"id": 2076, "name": "Nabeul"}, {"id": 2077, "name": "Sfax"}, {"id": 2078, "name": "Sidi Bouzid"}, {"id": 2079, "name": "Siliana"}, {"id": 2080, "name": "Sousse"}, {"id": 2081, "name": "Tataouine"}, {"id": 2082, "name": "Tozeur"}, {"id": 2083, "name": "Tunis"}, {"id": 2084, "name": "Zaghouan"}]}, {"id": 83, "name": "Turkey", "iso_alpha2": "TR", "iso_alpha3": "TUR", "iso_numeric": "792", "states": [{"id": 1649, "name": "Adana"}, {"id": 1650, "name": "Adıyaman"}, {"id": 1651, "name": "Afyonkarahisar"}, {"id": 1652, "name": "Ağrı"}, {"id": 1653, "name": "Aksaray"}, {"id": 1654, "name": "Amasya"}, {"id": 1655, "name": "Ankara"}, {"id": 1656, "name": "Antalya"}, {"id": 1657, "name": "Ardahan"}, {"id": 1658, "name": "Artvin"}, {"id": 1659, "name": "Aydın"}, {"id": 1660, "name": "Balıkesir"}, {"id": 1661, "name": "Bartın"}, {"id": 1662, "name": "Batman"}, {"id": 1663, "name": "Bayburt"}, {"id": 1664, "name": "Bilecik"}, {"id": 1665, "name": "Bingöl"}, {"id": 1666, "name": "Bitlis"}, {"id": 1667, "name": "Bolu"}, {"id": 1668, "name": "Burdur"}, {"id": 1669, "name": "Bursa"}, {"id": 1670, "name": "Çanakkale"}, {"id": 1671, "name": "Çankırı"}, {"id": 1672, "name": "Çorum"}, {"id": 1673, "name": "Denizli"}, {"id": 1674, "name": "Diyarbakır"}, {"id": 1675, "name": "Düzce"}, {"id": 1676, "name": "Edirne"}, {"id": 1677, "name": "Elazığ"}, {"id": 1678, "name": "Erzincan"}, {"id": 1679, "name": "Erzurum"}, {"id": 1680, "name": "Eskişehir"}, {"id": 1681, "name": "Gaziantep"}, {"id": 1682, "name": "Giresun"}, {"id": 1683, "name": "Gümüşhane"}, {"id": 1684, "name": "Hakkâri"}, {"id": 1685, "name": "Hatay"}, {"id": 1686, "name": "Iğdır"}, {"id": 1687, "name": "Isparta"}, {"id": 1688, "name": "Istanbul"}, {"id": 1689, "name": "İzmir"}, {"id": 1690, "name": "Kahramanmaraş"}, {"id": 1691, "name": "Karabük"}, {"id": 1692, "name": "Karaman"}, {"id": 1693, "name": "Kars"}, {"id": 1694, "name": "Kastamonu"}, {"id": 1695, "name": "Kayseri"}, {"id": 1696, "name": "Kırıkkale"}, {"id": 1697, "name": "Kırklareli"}, {"id": 1698, "name": "Kırşehir"}, {"id": 1699, "name": "Kilis"}, {"id": 1700, "name": "Kocaeli"}, {"id": 1701, "name": "Konya"}, {"id": 1702, "name": "Kütahya"}, {"id": 1703, "name": "Malatya"}, {"id": 1704, "name": "Manisa"}, {"id": 1705, "name": "Mardin"}, {"id": 1706, "name": "Mersin"}, {"id": 1707, "name": "Muğla"}, {"id": 1708, "name": "Muş"}, {"id": 1709, "name": "Nevşehir"}, {"id": 1710, "name": "Niğde"}, {"id": 1711, "name": "Ordu"}, {"id": 1712, "name": "Osmaniye"}, {"id": 1713, "name": "Rize"}, {"id": 1714, "name": "Sakarya"}, {"id": 1715, "name": "Samsun"}, {"id": 1716, "name": "Siirt"}, {"id": 1717, "name": "Sinop"}, {"id": 1718, "name": "Sivas"}, {"id": 1719, "name": "Şanlıurfa"}, {"id": 1720, "name": "Şırnak"}, {"id": 1721, "name": "Tekirdağ"}, {"id": 1722, "name": "Tokat"}, {"id": 1723, "name": "Trabzon"}, {"id": 1724, "name": "Tunceli"}, {"id": 1725, "name": "Uşak"}, {"id": 1726, "name": "Van"}, {"id": 1727, "name": "Yalova"}, {"id": 1728, "name": "Yozgat"}, {"id": 1729, "name": "Zonguldak"}]}, {"id": 106, "name": "Uganda", "iso_alpha2": "UG", "iso_alpha3": "UGA", "iso_numeric": "800", "states": [{"id": 2125, "name": "Central Region"}, {"id": 2126, "name": "Eastern Region"}, {"id": 2127, "name": "Northern Region"}, {"id": 2128, "name": "Western Region"}, {"id": 2129, "name": "Kampala"}, {"id": 2130, "name": "Wakiso"}, {"id": 2131, "name": "Mukono"}, {"id": 2132, "name": "Jinja"}, {"id": 2133, "name": "Mbale"}, {"id": 2134, "name": "Gulu"}, {"id": 2135, "name": "Lira"}, {"id": 2136, "name": "Mbarara"}, {"id": 2137, "name": "Fort Portal"}, {"id": 2138, "name": "Masaka"}]}, {"id": 59, "name": "Ukraine", "iso_alpha2": "UA", "iso_alpha3": "UKR", "iso_numeric": "804", "states": [{"id": 1030, "name": "Cherkasy"}, {"id": 1031, "name": "Chernihiv"}, {"id": 1032, "name": "Chernivtsi"}, {"id": 1033, "name": "Crimea"}, {"id": 1034, "name": "Dnipropetrovsk"}, {"id": 1035, "name": "Donetsk"}, {"id": 1036, "name": "Ivano-Frankivsk"}, {"id": 1037, "name": "Kharkiv"}, {"id": 1038, "name": "Kherson"}, {"id": 1039, "name": "Khmelnytskyi"}, {"id": 1040, "name": "Kiev"}, {"id": 1041, "name": "Kiev Oblast"}, {"id": 1042, "name": "Kirovohrad"}, {"id": 1043, "name": "Luhansk"}, {"id": 1044, "name": "Lviv"}, {"id": 1045, "name": "Mykolaiv"}, {"id": 1046, "name": "Odessa"}, {"id": 1047, "name": "Poltava"}, {"id": 1048, "name": "Rivne"}, {"id": 1049, "name": "Sevastopol"}, {"id": 1050, "name": "Sumy"}, {"id": 1051, "name": "Ternopil"}, {"id": 1052, "name": "Vinnytsia"}, {"id": 1053, "name": "Volyn"}, {"id": 1054, "name": "Zakarpattia"}, {"id": 1055, "name": "Zaporizhzhia"}, {"id": 1056, "name": "Zhytomyr"}]}, {"id": 85, "name": "United Arab Emirates", "iso_alpha2": "AE", "iso_alpha3": "ARE", "iso_numeric": "784", "states": [{"id": 1743, "name": "Abu Dhabi"}, {"id": 1744, "name": "Dubai"}, {"id": 1745, "name": "Sharjah"}, {"id": 1746, "name": "Ajman"}, {"id": 1747, "name": "Umm Al Quwain"}, {"id": 1748, "name": "Ras Al Khaimah"}, {"id": 1749, "name": "Fujairah"}]}, {"id": 37, "name": "United Kingdom", "iso_alpha2": "GB", "iso_alpha3": "GBR", "iso_numeric": "826", "states": [{"id": 650, "name": "England"}, {"id": 651, "name": "Scotland"}, {"id": 652, "name": "Wales"}, {"id": 653, "name": "Northern Ireland"}]}, {"id": 1, "name": "United States", "iso_alpha2": "US", "iso_alpha3": "USA", "iso_numeric": "840", "states": [{"id": 1, "name": "Alabama"}, {"id": 2, "name": "Alaska"}, {"id": 3, "name": "Arizona"}, {"id": 4, "name": "Arkansas"}, {"id": 5, "name": "California"}, {"id": 6, "name": "Colorado"}, {"id": 7, "name": "Connecticut"}, {"id": 8, "name": "Delaware"}, {"id": 9, "name": "Florida"}, {"id": 10, "name": "Georgia"}, {"id": 11, "name": "Hawaii"}, {"id": 12, "name": "Idaho"}, {"id": 13, "name": "Illinois"}, {"id": 14, "name": "Indiana"}, {"id": 15, "name": "Iowa"}, {"id": 16, "name": "Kansas"}, {"id": 17, "name": "Kentucky"}, {"id": 18, "name": "Louisiana"}, {"id": 19, "name": "Maine"}, {"id": 20, "name": "Maryland"}, {"id": 21, "name": "Massachusetts"}, {"id": 22, "name": "Michigan"}, {"id": 23, "name": "Minnesota"}, {"id": 24, "name": "Mississippi"}, {"id": 25, "name": "Missouri"}, {"id": 26, "name": "Montana"}, {"id": 27, "name": "Nebraska"}, {"id": 28, "name": "Nevada"}, {"id": 29, "name": "New Hampshire"}, {"id": 30, "name": "New Jersey"}, {"id": 31, "name": "New Mexico"}, {"id": 32, "name": "New York"}, {"id": 33, "name": "North Carolina"}, {"id": 34, "name": "North Dakota"}, {"id": 35, "name": "Ohio"}, {"id": 36, "name": "Oklahoma"}, {"id": 37, "name": "Oregon"}, {"id": 38, "name": "Pennsylvania"}, {"id": 39, "name": "Rhode Island"}, {"id": 40, "name": "South Carolina"}, {"id": 41, "name": "South Dakota"}, {"id": 42, "name": "Tennessee"}, {"id": 43, "name": "Texas"}, {"id": 44, "name": "Utah"}, {"id": 45, "name": "Vermont"}, {"id": 46, "name": "Virginia"}, {"id": 47, "name": "Washington"}, {"id": 48, "name": "West Virginia"}, {"id": 49, "name": "Wisconsin"}, {"id": 50, "name": "Wyoming"}, {"id": 51, "name": "District of Columbia"}]}, {"id": 34, "name": "Uruguay", "iso_alpha2": "UY", "iso_alpha3": "URY", "iso_numeric": "858", "states": [{"id": 611, "name": "Artigas"}, {"id": 612, "name": "Canelones"}, {"id": 613, "name": "Cerro Largo"}, {"id": 614, "name": "Colonia"}, {"id": 615, "name": "Durazno"}, {"id": 616, "name": "Flores"}, {"id": 617, "name": "Florida"}, {"id": 618, "name": "Lavalleja"}, {"id": 619, "name": "Maldonado"}, {"id": 620, "name": "Montevideo"}, {"id": 621, "name": "Paysandú"}, {"id": 622, "name": "Río Negro"}, {"id": 623, "name": "Rivera"}, {"id": 624, "name": "Rocha"}, {"id": 625, "name": "Salto"}, {"id": 626, "name": "San José"}, {"id": 627, "name": "Soriano"}, {"id": 628, "name": "Tacuarembó"}, {"id": 629, "name": "Treinta y Tres"}]}, {"id": 30, "name": "Venezuela", "iso_alpha2": "VE", "iso_alpha3": "VEN", "iso_numeric": "862", "states": [{"id": 535, "name": "Amazonas"}, {"id": 536, "name": "Anzoátegui"}, {"id": 537, "name": "Apure"}, {"id": 538, "name": "Aragua"}, {"id": 539, "name": "Barinas"}, {"id": 540, "name": "Bolívar"}, {"id": 541, "name": "Carabobo"}, {"id": 542, "name": "Cojedes"}, {"id": 543, "name": "Delta Amacuro"}, {"id": 544, "name": "Dependencias Federales"}, {"id": 545, "name": "Distrito Capital"}, {"id": 546, "name": "Falcón"}, {"id": 547, "name": "Guárico"}, {"id": 548, "name": "Lara"}, {"id": 549, "name": "Mérida"}, {"id": 550, "name": "Miranda"}, {"id": 551, "name": "Monagas"}, {"id": 552, "name": "Nueva Esparta"}, {"id": 553, "name": "Portuguesa"}, {"id": 554, "name": "Sucre"}, {"id": 555, "name": "Táchira"}, {"id": 556, "name": "Trujillo"}, {"id": 557, "name": "Vargas"}, {"id": 558, "name": "Yaracuy"}, {"id": 559, "name": "Zulia"}]}, {"id": 67, "name": "Vietnam", "iso_alpha2": "VN", "iso_alpha3": "VNM", "iso_numeric": "704", "states": [{"id": 1335, "name": "An Giang"}, {"id": 1336, "name": "Bà Rịa–Vũng Tàu"}, {"id": 1337, "name": "Bắc Giang"}, {"id": 1338, "name": "Bắc Kạn"}, {"id": 1339, "name": "Bạc Liêu"}, {"id": 1340, "name": "Bắc Ninh"}, {"id": 1341, "name": "Bến Tre"}, {"id": 1342, "name": "Bình Định"}, {"id": 1343, "name": "Bình Dương"}, {"id": 1344, "name": "Bình Phước"}, {"id": 1345, "name": "Bình Thuận"}, {"id": 1346, "name": "Cà Mau"}, {"id": 1347, "name": "Cần Thơ"}, {"id": 1348, "name": "Cao Bằng"}, {"id": 1349, "name": "Đà Nẵng"}, {"id": 1350, "name": "Đắk Lắk"}, {"id": 1351, "name": "Đắk Nông"}, {"id": 1352, "name": "Điện Biên"}, {"id": 1353, "name": "Đồng Nai"}, {"id": 1354, "name": "Đồng Tháp"}, {"id": 1355, "name": "Gia Lai"}, {"id": 1356, "name": "Hà Giang"}, {"id": 1357, "name": "Hà Nam"}, {"id": 1358, "name": "Hà Nội"}, {"id": 1359, "name": "Hà Tĩnh"}, {"id": 1360, "name": "Hải Dương"}, {"id": 1361, "name": "Hải Phòng"}, {"id": 1362, "name": "Hậu Giang"}, {"id": 1363, "name": "Hòa Bình"}, {"id": 1364, "name": "Hồ Chí Minh City"}, {"id": 1365, "name": "Hưng Yên"}, {"id": 1366, "name": "Khánh Hòa"}, {"id": 1367, "name": "Kiên Giang"}, {"id": 1368, "name": "Kon Tum"}, {"id": 1369, "name": "Lai Châu"}, {"id": 1370, "name": "Lâm Đồng"}, {"id": 1371, "name": "Lạng Sơn"}, {"id": 1372, "name": "Lào Cai"}, {"id": 1373, "name": "Long An"}, {"id": 1374, "name": "Nam Định"}, {"id": 1375, "name": "Nghệ An"}, {"id": 1376, "name": "Ninh Bình"}, {"id": 1377, "name": "Ninh Thuận"}, {"id": 1378, "name": "Phú Thọ"}, {"id": 1379, "name": "Phú Yên"}, {"id": 1380, "name": "Quảng Bình"}, {"id": 1381, "name": "Quảng Nam"}, {"id": 1382, "name": "Quảng Ngãi"}, {"id": 1383, "name": "Quảng Ninh"}, {"id": 1384, "name": "Quảng Trị"}, {"id": 1385, "name": "Sóc Trăng"}, {"id": 1386, "name": "Sơn La"}, {"id": 1387, "name": "Tây Ninh"}, {"id": 1388, "name": "Thái Bình"}, {"id": 1389, "name": "Thái Nguyên"}, {"id": 1390, "name": "Thanh Hóa"}, {"id": 1391, "name": "Thừa Thiên Huế"}, {"id": 1392, "name": "Tiền Giang"}, {"id": 1393, "name": "Trà Vinh"}, {"id": 1394, "name": "Tuyên Quang"}, {"id": 1395, "name": "Vĩnh Long"}, {"id": 1396, "name": "Vĩnh Phúc"}, {"id": 1397, "name": "Yên Bái"}]}, {"id": 94, "name": "Yemen", "iso_alpha2": "YE", "iso_alpha3": "YEM", "iso_numeric": "887", "states": [{"id": 1820, "name": "Abyan"}, {"id": 1821, "name": "Aden"}, {"id": 1822, "name": "Al Bayda"}, {"id": 1823, "name": "Al Dhale"}, {"id": 1824, "name": "Al Hudaydah"}, {"id": 1825, "name": "Al Jawf"}, {"id": 1826, "name": "Al Mahrah"}, {"id": 1827, "name": "Al Mahwit"}, {"id": 1828, "name": "Amanat Al Asimah"}, {"id": 1829, "name": "Amran"}, {"id": 1830, "name": "Dhamar"}, {"id": 1831, "name": "Hadramaut"}, {"id": 1832, "name": "Hajjah"}, {"id": 1833, "name": "Ibb"}, {"id": 1834, "name": "Lahij"}, {"id": 1835, "name": "Marib"}, {"id": 1836, "name": "Raymah"}, {"id": 1837, "name": "Saada"}, {"id": 1838, "name": "Sanaa"}, {"id": 1839, "name": "Shabwah"}, {"id": 1840, "name": "Socotra"}, {"id": 1841, "name": "Taizz"}]}, {"id": 108, "name": "Zambia", "iso_alpha2": "ZM", "iso_alpha3": "ZMB", "iso_numeric": "894", "states": [{"id": 2170, "name": "Central"}, {"id": 2171, "name": "Copperbelt"}, {"id": 2172, "name": "Eastern"}, {"id": 2173, "name": "Luapula"}, {"id": 2174, "name": "Lusaka"}, {"id": 2175, "name": "Muchinga"}, {"id": 2176, "name": "Northern"}, {"id": 2177, "name": "North-Western"}, {"id": 2178, "name": "Southern"}, {"id": 2179, "name": "Western"}]}, {"id": 109, "name": "Zimbabwe", "iso_alpha2": "ZW", "iso_alpha3": "ZWE", "iso_numeric": "716", "states": [{"id": 2180, "name": "Bulawayo"}, {"id": 2181, "name": "Harare"}, {"id": 2182, "name": "Manicaland"}, {"id": 2183, "name": "Mashonaland Central"}, {"id": 2184, "name": "Mashonaland East"}, {"id": 2185, "name": "Mashonaland West"}, {"id": 2186, "name": "Masvingo"}, {"id": 2187, "name": "Matabeleland North"}, {"id": 2188, "name": "Matabeleland South"}, {"id": 2189, "name": "Midlands"}]}]